es	ca	en
Tossa de Mar: guía, planes y mapa · Paradis Blau	Tossa de Mar: guia, plans i mapa · Paradis Blau	Tossa de Mar: guide, things to do and map · Paradis Blau
Guía de Tossa de Mar en tu mano: el tiempo de hoy, planes con sol o con lluvia, mapa, servicios y pasatiempos.	Guia de Tossa de Mar a la mà: el temps d'avui, plans amb sol o amb pluja, mapa, serveis i passatemps.	A guide to Tossa de Mar in your pocket: today's weather, things to do in sun or rain, a map, services and games.
El tiempo de hoy, planes con sol o con lluvia, mapa de Tossa de Mar, servicios y pasatiempos, en tu móvil.	El temps d'avui, plans amb sol o amb pluja, mapa de Tossa de Mar, serveis i passatemps, al teu mòbil.	Today's weather, things to do in sun or rain, a map of Tossa de Mar, services and games, on your phone.
Abrir menú	Obrir el menú	Open menu
Guía de Tossa de Mar en tu mano	Guia de Tossa de Mar a la mà	Your pocket guide to Tossa de Mar
Hoy en Tossa	Avui a Tossa	Today in Tossa
Planes	Plans	Things to do
Recomendaciones	Recomanacions	Our picks
Explorar	Explorar	Explore
Historia y patrimonio	Història i patrimoni	History and heritage
Playas y calas	Platges i cales	Beaches and coves
Dónde comer	On menjar	Where to eat
Dónde dormir	On dormir	Where to stay
Shopping	Compres	Shopping
Ocio	Oci	Leisure
Deporte	Esport	Sports
Transportes	Transports	Getting around
Webcams y mar	Webcams i mar	Webcams and sea
Paseando por Tossa	Passejant per Tossa	Walks around Tossa
Mapa	Mapa	Map
Pasatiempos	Passatemps	Games
Servicios y wifi	Serveis i wifi	Services and wifi
Contacto	Contacte	Contact
Colaborador: Lets Holidays	Col·laborador: Lets Holidays	Partner: Lets Holidays
Vista de Tossa de Mar con la Vila Vella y la bahía desde el mirador	Vista de Tossa de Mar amb la Vila Vella i la badia des del mirador	View of Tossa de Mar with the Vila Vella and the bay from the lookout
Bienvenido a Tossa	Us donem la benvinguda a Tossa	Welcome to Tossa
Todo lo que necesitas durante tu estancia.	Tot el que necessites durant l'estada.	Everything you need during your stay.
Lo importante, a mano	Allò important, a mà	The essentials, to hand
Antes de empezar las vacaciones, localiza lo que conviene tener a mano.	Abans de començar les vacances, localitza el que convé tenir a mà.	Before your holiday starts, find what is worth having to hand.
Tu alojamiento	El teu allotjament	Your accommodation
Emergencias	Emergències	Emergencies
Policía	Policia	Police
Policía Local	Policia Local	Local Police
Centro de salud	Centre de salut	Health centre
CAP y urgencias	CAP i urgències	Health centre and urgent care
Farmacias	Farmàcies	Pharmacies
Direcciones y guardias	Adreces i guàrdies	Addresses and on-duty rota
Bomberos	Bombers	Fire brigade
Parque de Bomberos	Parc de Bombers	Fire station
Turismo	Turisme	Tourism
Oficina de Turisme	Oficina de Turisme	Tourist Office
Wifi gratuito	Wifi gratuït	Free wifi
Biblioteca y pabellón	Biblioteca i pavelló	Library and sports hall
Tossa en directo	Tossa en directe	Tossa live
Olas y viento	Onades i vent	Waves and wind
Cargando el tiempo…	Carregant el temps…	Loading the weather…
Sugerencia según el tiempo	Suggeriment segons el temps	Suggestion for today's weather
Agenda	Agenda	What's on
Semana anterior	Setmana anterior	Previous week
Semana siguiente	Setmana següent	Next week
Hoy	Avui	Today
Planes según el tiempo	Plans segons el temps	Things to do, by weather
Elige cómo quieres pasar el día.	Tria com vols passar el dia.	Choose how you want to spend the day.
Recomendado hoy	Recomanat avui	Recommended today
Con sol	Amb sol	In the sun
Playas, calas y mar	Platges, cales i mar	Beaches, coves and sea
Con lluvia	Amb pluja	In the rain
Museos, galerías y cine	Museus, galeries i cinema	Museums, galleries and cinema
Tiendas y galerías	Botigues i galeries	Shops and galleries
La Costa Brava	La Costa Brava	The Costa Brava
De Blanes a Roses	De Blanes a Roses	From Blanes to Roses
Girona	Girona	Girona
Y escapadas más lejos	I escapades més lluny	And trips further afield
Deportes	Esports	Sports
Mar, senderismo y pádel	Mar, senderisme i pàdel	Sea, hiking and padel
Juegos para todas las edades	Jocs per a totes les edats	Games for all ages
Nuestras recomendaciones	Les nostres recomanacions	Our recommendations
Lo que merece la pena en Tossa, con sus datos y su ubicación.	El que val la pena a Tossa, amb les dades i la ubicació.	What is worth doing in Tossa, with details and location.
Explora Tossa	Explora Tossa	Explore Tossa
Todo lo que hay en el pueblo, por tipo de lugar.	Tot el que hi ha al poble, per tipus de lloc.	Everything in town, by type of place.
Murallas, museos y fiestas	Muralles, museus i festes	Walls, museums and festivals
15 playas y calas	15 platges i cales	15 beaches and coves
Restaurantes y bares	Restaurants i bars	Restaurants and bars
Hoteles y apartamentos	Hotels i apartaments	Hotels and apartments
Tiendas y comercios	Botigues i comerços	Shops and businesses
Excursiones y diversión	Excursions i diversió	Excursions and fun
Mar, bici y gimnasio	Mar, bici i gimnàs	Sea, cycling and gym
Taxis, bus y aparcar	Taxis, bus i aparcament	Taxis, buses and parking
Mapa de Tossa	Mapa de Tossa	Map of Tossa
Toca un punto para ver qué es. Arrastra y haz zoom para moverte.	Toca un punt per veure què és. Arrossega i fes zoom per moure't.	Tap a point to see what it is. Drag and zoom to move around.
Filtros del mapa	Filtres del mapa	Map filters
Salud y servicios	Salut i serveis	Health and services
Apartamentos Lets Holidays	Apartaments Lets Holidays	Lets Holidays apartments
Acercar	Apropar	Zoom in
Alejar	Allunyar	Zoom out
Volver al pueblo	Tornar al poble	Back to town
Ver toda la zona, con las calas	Veure tota la zona, amb les cales	See the whole area, with the coves
Mapa: © colaboradores de	Mapa: © col·laboradors d'	Map: © contributors to
Elige un punto del mapa para ver su ficha.	Tria un punt del mapa per veure'n la fitxa.	Choose a point on the map to see its details.
Ver todos los lugares en una lista	Veure tots els llocs en una llista	See all places as a list
· Guía para huéspedes · Fibra Pagès	· Guia per a hostes · Fibra Pagès	· Guest guide · Fibra Pagès
Servicios y contacto	Serveis i contacte	Services and contact
Créditos de fotos	Crèdits de les fotos	Photo credits
Colaborador:	Col·laborador:	Partner:
Aviso legal	Avís legal	Legal notice
Política de privacidad	Política de privacitat	Privacy policy
Política de cookies	Política de galetes	Cookie policy
← Volver a la portada	← Tornar a la portada	← Back to the home page
Volver a la portada	Tornar a la portada	Back to the home page
← Volver a los planes	← Tornar als plans	← Back to things to do
← Explora Tossa	← Explora Tossa	← Explore Tossa
← Recomendaciones	← Recomanacions	← Our picks
Tossa,	Tossa,	Tossa,
Paradis Blau	Paradis Blau	Paradis Blau
Lets Holidays	Lets Holidays	Lets Holidays
Platja Gran	Platja Gran	Platja Gran
Mar Menuda	Mar Menuda	Mar Menuda
Tossa Turisme	Tossa Turisme	Tossa Turisme
OpenStreetMap	OpenStreetMap	OpenStreetMap
Despejado	Serè	Clear
Poco nuboso	Poc ennuvolat	Partly cloudy
Cubierto	Cobert	Overcast
Niebla	Boira	Fog
Llovizna	Plugim	Drizzle
Lluvia	Pluja	Rain
Chubascos	Ruixats	Showers
Tormenta	Tempesta	Storm
Variable	Variable	Changeable
Viento	Vent	Wind
Agua	Aigua	Water
Olas	Onades	Waves
Lluvia hoy	Pluja avui	Rain today
Puesta de sol	Posta de sol	Sunset
Plan de interior	Pla d'interior	An indoor day
Hay tormenta en la previsión. Buen momento para el Museu de la Dona, el cine y una comida sin prisa. Deja el Camí de Ronda y las calas para otro día.	Hi ha tempesta a la previsió. Bon moment per al Museu de la Dona, el cinema i un dinar sense pressa. Deixa el Camí de Ronda i les cales per a un altre dia.	There is a storm in the forecast. A good moment for the Museu de la Dona, the cinema and an unhurried meal. Leave the Camí de Ronda and the coves for another day.
Mejor con paraguas a mano	Millor amb paraigua a mà	Best with an umbrella to hand
Hay probabilidad de chubascos. Aprovecha las horas secas para pasear por la Vila Vella y deja el museo o una buena mesa para cuando llueva.	Hi ha probabilitat de ruixats. Aprofita les hores seques per passejar per la Vila Vella i deixa el museu o una bona taula per a quan plogui.	Showers are possible. Make the most of the dry hours to stroll around the Vila Vella, and keep the museum or a good table for when it rains.
Mar y viento	Mar i vent	Sea and wind
El mar está movido. Pasea por la Vila Vella y el faro; el baño y el kayak, mejor otro día.	El mar està mogut. Passeja per la Vila Vella i el far; el bany i el caiac, millor un altre dia.	The sea is rough. Walk around the Vila Vella and the lighthouse; swimming and kayaking are better another day.
Día de playa	Dia de platja	Beach day
Buen día para la Platja Gran o la Mar Menuda. Si te apetece algo más activo, el kayak hacia las calas de la costa.	Bon dia per a la Platja Gran o la Mar Menuda. Si tens ganes de fer una cosa més activa, el caiac cap a les cales de la costa.	A good day for the Platja Gran or the Mar Menuda. If you fancy something more active, try kayaking to the coves along the coast.
Día para caminar	Dia per caminar	A day for walking
Buen tiempo para pasear por la Vila Vella y subir al faro, o para una ruta junto al mar.	Bon temps per passejar per la Vila Vella i pujar al far, o per fer una ruta vora el mar.	Good weather for a walk around the Vila Vella and up to the lighthouse, or a route by the sea.
Sin eventos señalados.	Sense esdeveniments destacats.	No events listed.
Lo próximo:	El proper:	Next up:
Mercadillo semanal	Mercat setmanal	Weekly market
Siempre disponible en Tossa:	Sempre disponible a Tossa:	Always available in Tossa:
Estrenos semanales. Carrer Pola 9.	Estrenes setmanals. Carrer Pola 9.	New releases every week. Carrer Pola 9.
Piscinas, sauna y pádel; entrada de un día.	Piscines, sauna i pàdel; entrada d'un dia.	Pools, sauna and padel; day pass.
Navegación principal	Navegació principal	Main navigation
Inicio	Inici	Home
Ayuda	Ajuda	Help
Sin conexión: se muestra la información guardada en tu móvil.	Sense connexió: es mostra la informació guardada al mòbil.	Offline: showing the information saved on your phone.
Murallas de Tossa	Muralles de Tossa	Tossa town walls
Estatua de Ava Gardner	Estàtua d'Ava Gardner	Ava Gardner statue
Ruinas de Sant Vicenç	Ruïnes de Sant Vicenç	Sant Vicenç ruins
Estatua de la Divina Minerva	Estàtua de la Divina Minerva	Statue of the Divine Minerva
Estación de autobuses	Estació d'autobusos	Bus station
Parada del trenecito	Parada del carrilet	Tourist train stop
Parada de taxis	Parada de taxis	Taxi rank
Recarga de vehículos eléctricos	Recàrrega de vehicles elèctrics	Electric vehicle charging
Aparcamiento Porta de Sant Feliu	Aparcament Porta de Sant Feliu	Porta de Sant Feliu car park
Centro de salud (CAP)	Centre de salut (CAP)	Health centre (CAP)
Badia de Tossa	Badia de Tossa	Bay of Tossa
Kayak y paddle surf	Caiac i paddle surf	Kayak and paddle surf
Paseo en barco	Passejada en barca	Boat trip
Bolos con ambiente retro	Bitlles amb ambient retro	Bowling with a retro feel
Trenecito turístico	Carrilet turístic	Tourist train
Con audioguía	Amb audioguia	With audio guide
Submarinismo	Submarinisme	Scuba diving
Bautismos y cursos	Bateigs i cursos	Intro dives and courses
Ruta junto al mar	Ruta vora el mar	Coastal walk
Camí de Ronda	Camí de Ronda	Camí de Ronda
Kayaks Nicolau	Kayaks Nicolau	Kayaks Nicolau
Fondo Cristal	Fondo Cristal	Fondo Cristal
Bar La Bolera	Bar La Bolera	Bar La Bolera
Cinema Montserrat	Cinema Montserrat	Cinema Montserrat
Poliesportiu municipal	Poliesportiu municipal	Poliesportiu municipal
Vila Vella	Vila Vella	Vila Vella
Llengua	Llengua	Llengua
Carrera de trail de montaña (5K, 10K y 21K).	Cursa de trail de muntanya (5K, 10K i 21K).	Mountain trail race (5K, 10K and 21K).
XIV Pre San Silvestre	XIV Pre Sant Silvestre	XIV Pre San Silvestre
Carrera popular de preparación de San Silvestre.	Cursa popular de preparació de la Sant Silvestre.	Fun run in the build-up to the San Silvestre race.
Por la mañana	Al matí	In the morning
Mercadillo de los jueves en el pueblo.	Mercat dels dijous al poble.	Thursday market in the town.
El arte de la guitarra española	L'art de la guitarra espanyola	The art of Spanish guitar
Iglesia de Sant Vicenç	Església de Sant Vicenç	Sant Vicenç church
Concierto de guitarra española. Entrada 15 €.	Concert de guitarra espanyola. Entrada 15 €.	Spanish guitar concert. Tickets €15.
La playa del pueblo, a los pies de la Vila Vella.	La platja del poble, als peus de la Vila Vella.	The town beach, at the foot of the Vila Vella.
Playa de Tossa con base de kayaks y paddle surf.	Platja de Tossa amb base de caiacs i paddle surf.	Tossa beach with a kayak and paddle surf base.
Kayaks Nicolau: kayak y paddle surf	Kayaks Nicolau: caiac i paddle surf	Kayaks Nicolau: kayak and paddle surf
Alquiler por horas y rutas guiadas con snorkel, desde la playa de Mar Menuda y bajo la Vila Vella.	Lloguer per hores i rutes guiades amb snorkel, des de la platja de la Mar Menuda i sota la Vila Vella.	Hourly rental and guided snorkelling trips from Mar Menuda beach and below the Vila Vella.
Get Active Tossa: aventura con guía	Get Active Tossa: aventura amb guia	Get Active Tossa: guided adventure
Kayak, 4x4 vintage, coasteering y escalada con guías locales.	Caiac, 4x4 vintage, coasteering i escalada amb guies locals.	Kayak, vintage 4x4, coasteering and climbing with local guides.
Fondo Cristal: paseo en barco	Fondo Cristal: passejada en barca	Fondo Cristal: boat trip
Empresa familiar de Tossa desde 1985, con barcos de fondo de cristal y recorridos hasta Cala Giverola.	Empresa familiar de Tossa des del 1985, amb vaixells de fons de vidre i recorreguts fins a Cala Giverola.	Family business in Tossa since 1985, with glass-bottom boats and trips as far as Cala Giverola.
Bautismos, excursiones de inmersión y cursos para sacarse el título, en centros como Super Dive Tossa, Tossa Divers, Dream Dive y L'Àmfora.	Bateigs, excursions d'immersió i cursos per treure's el títol, en centres com Super Dive Tossa, Tossa Divers, Dream Dive i L'Àmfora.	Introductory dives, diving excursions and certification courses at centres such as Super Dive Tossa, Tossa Divers, Dream Dive and L'Àmfora.
Ruta a pie junto al mar, con vistas a la costa.	Ruta a peu vora el mar, amb vistes a la costa.	Walk by the sea with views of the coast.
Subir al faro	Pujar al far	Climb up to the lighthouse
El Far de Tossa, con una de las mejores vistas del pueblo.	El Far de Tossa, amb una de les millors vistes del poble.	The Tossa lighthouse, with one of the best views of the town.
Cuatro paseos: entre las murallas, del pueblo a la playa, para una tarde o una noche y en el trenecito.	Quatre passejades: entre les muralles, del poble a la platja, per a una tarda o una nit i amb el carrilet.	Four walks: inside the walls, from the town to the beach, for an afternoon or an evening, and on the little tourist train.
Mosaicos de la villa romana y arte ligado a Tossa, con una obra de Chagall. Cerrado por reformas según Tossa Turisme (octubre 2026): comprueba antes de ir.	Mosaics de la vila romana i art lligat a Tossa, amb una obra de Chagall. Tancat per reformes segons Tossa Turisme (octubre del 2026): comprova-ho abans d'anar-hi.	Mosaics from the Roman villa and art linked to Tossa, including a work by Chagall. Closed for refurbishment according to Tossa Turisme (October 2026): check before you go.
La historia de Tossa contada desde las mujeres, en la masía de Can Ganga. Carrer Codolar 4.	La història de Tossa explicada des de les dones, a la masia de Can Ganga. Carrer Codolar 4.	Tossa's story told through its women, in the Can Ganga farmhouse. Carrer Codolar 4.
Tiendas, pastelerías y bisutería del centro, para pasear y comprar.	Botigues, pastisseries i bijuteria del centre, per passejar i comprar.	Shops, pastry shops and costume jewellery in the centre, for strolling and shopping.
Galerías de arte: Blanco Grané y Art Michaeli	Galeries d'art: Blanco Grané i Art Michaeli	Art galleries: Blanco Grané and Art Michaeli
Tossa fue refugio de artistas en los años treinta y sigue teniendo galerías. Art Michaeli expone dibujo, acuarela y pintura de Rasim Michaeli.	Tossa va ser refugi d'artistes als anys trenta i encara té galeries. Art Michaeli exposa dibuix, aquarel·la i pintura de Rasim Michaeli.	Tossa was a refuge for artists in the 1930s and still has galleries. Art Michaeli shows drawings, watercolours and paintings by Rasim Michaeli.
Una sala con estrenos semanales. Carrer Pola 9.	Una sala amb estrenes setmanals. Carrer Pola 9.	A cinema with new releases every week. Carrer Pola 9.
Comer sin prisa	Menjar sense pressa	An unhurried meal
Cocina marinera en Can Pini o marisco en Sa Muralla.	Cuina marinera a Can Pini o marisc a Sa Muralla.	Seafood cooking at Can Pini or shellfish at Sa Muralla.
Playas, calas y actividades al aire libre.	Platges, cales i activitats a l'aire lliure.	Beaches, coves and outdoor activities.
Museos, galerías, cine y planes bajo techo.	Museus, galeries, cinema i plans sota sostre.	Museums, galleries, cinema and indoor plans.
Tiendas, galerías y dulces del centro, para pasear y comprar.	Botigues, galeries i dolços del centre, per passejar i comprar.	Shops, galleries and sweets in the centre, for strolling and shopping.
Moda y complementos	Moda i complements	Fashion and accessories
Unas 23 tiendas de moda y 5 de bolsos y complementos, en el centro y la Vila Vella.	Unes 23 botigues de moda i 5 de bosses i complements, al centre i a la Vila Vella.	Around 23 fashion shops and 5 for bags and accessories, in the centre and the Vila Vella.
Bisutería y joyería	Bijuteria i joieria	Costume jewellery and jewellery
13 tiendas de bisutería y joyería, para llevarte un recuerdo.	13 botigues de bijuteria i joieria, per endur-te un record.	13 costume jewellery and jewellery shops, to take home a souvenir.
Souvenirs y cerámica	Records i ceràmica	Souvenirs and ceramics
Recuerdos de Tossa, cerámica y artesanía.	Records de Tossa, ceràmica i artesania.	Souvenirs of Tossa, ceramics and crafts.
Alimentación y productos locales	Alimentació i productes locals	Food and local produce
Tiendas de alimentación, carnicerías, pescaderías y productores locales.	Botigues d'alimentació, carnisseries, peixateries i productors locals.	Grocers, butchers, fishmongers and local producers.
Todas las tiendas de Tossa	Totes les botigues de Tossa	All the shops in Tossa
El listado completo de comercios, con teléfono y ubicación en el mapa.	El llistat complet de comerços, amb telèfon i ubicació al mapa.	The complete list of shops, with phone numbers and map locations.
Los pueblos de la costa y del Empordà, de Blanes a Roses, para una excursión de un día.	Els pobles de la costa i de l'Empordà, de Blanes a Roses, per a una excursió d'un dia.	The coastal and Empordà towns, from Blanes to Roses, for a day trip.
Cerca de Tossa	Prop de Tossa	Near Tossa
El pueblo vecino por el sur, con los jardines de Santa Clotilde sobre el mar. Mercado semanal los martes.	El poble veí pel sud, amb els jardins de Santa Clotilde sobre el mar. Mercat setmanal els dimarts.	The neighbouring town to the south, with the Santa Clotilde gardens above the sea. Weekly market on Tuesdays.
Donde empieza la Costa Brava, con el jardín botánico Marimurtra. Mercado semanal los lunes.	On comença la Costa Brava, amb el jardí botànic Marimurtra. Mercat setmanal els dilluns.	Where the Costa Brava begins, with the Marimurtra botanical garden. Weekly market on Mondays.
Paseo marítimo, monasterio y camí de ronda, hacia el norte. Mercado los domingos.	Passeig marítim, monestir i camí de ronda, cap al nord. Mercat els diumenges.	Seafront promenade, monastery and coastal path, to the north. Market on Sundays.
Una de las playas más largas de la zona y un gran paseo marítimo. Mercado los viernes.	Una de les platges més llargues de la zona i un gran passeig marítim. Mercat els divendres.	One of the longest beaches in the area and a great seafront promenade. Market on Fridays.
El Baix Empordà	El Baix Empordà	The Baix Empordà
Castillo del siglo XI, casas indianas y las mejores vistas panorámicas de la Costa Brava.	Castell del segle XI, cases d'indians i les millors vistes panoràmiques de la Costa Brava.	An 11th-century castle, 'indiano' houses and some of the best panoramic views on the Costa Brava.
Recinto gótico en el Puig Aspre, murallas del siglo XII y mirador de Josep Pla.	Recinte gòtic al Puig Aspre, muralles del segle XII i mirador de Josep Pla.	Gothic old quarter on the Puig Aspre, 12th-century walls and the Josep Pla viewpoint.
Más lejos, en el Alt Empordà	Més lluny, a l'Alt Empordà	Further away, in the Alt Empordà
Las ruinas de la ciudad griega y romana, junto al mar, en l'Escala.	Les ruïnes de la ciutat grega i romana, vora el mar, a l'Escala.	The ruins of the Greek and Roman city, by the sea, in l'Escala.
Roses y el Cap de Creus	Roses i el Cap de Creus	Roses and Cap de Creus
La ciudadela de Roses y el parque natural del Cap de Creus, el extremo más salvaje de la costa.	La ciutadella de Roses i el parc natural del Cap de Creus, l'extrem més salvatge de la costa.	The Roses citadel and the Cap de Creus natural park, the wildest end of the coast.
Teatro-Museo Dalí en Figueres, casa de Dalí en Portlligat (Cadaqués) y castillo de Púbol.	Teatre-Museu Dalí a Figueres, casa de Dalí a Portlligat (Cadaqués) i castell de Púbol.	The Dalí Theatre-Museum in Figueres, Dalí's house in Portlligat (Cadaqués) and Púbol castle.
Un día de mercado	Un dia de mercat	A market day
Mercados semanales cerca de Tossa	Mercats setmanals prop de Tossa	Weekly markets near Tossa
Lunes: Blanes. Martes: Lloret. Miércoles: Cassà de la Selva. Jueves: Tossa de Mar. Viernes: Platja d'Aro y La Bisbal. Sábado: Girona. Domingo: Tordera y Sant Feliu de Guíxols.	Dilluns: Blanes. Dimarts: Lloret. Dimecres: Cassà de la Selva. Dijous: Tossa de Mar. Divendres: Platja d'Aro i la Bisbal. Dissabte: Girona. Diumenge: Tordera i Sant Feliu de Guíxols.	Monday: Blanes. Tuesday: Lloret. Wednesday: Cassà de la Selva. Thursday: Tossa de Mar. Friday: Platja d'Aro and La Bisbal. Saturday: Girona. Sunday: Tordera and Sant Feliu de Guíxols.
Girona y las escapadas de un día desde Tossa: la ciudad, la Garrotxa y Barcelona.	Girona i les escapades d'un dia des de Tossa: la ciutat, la Garrotxa i Barcelona.	Girona and day trips from Tossa: the city, the Garrotxa and Barcelona.
Las casas del Onyar	Les cases de l'Onyar	The Onyar houses
Las casas de colores colgadas sobre el río Onyar, con el puente de hierro de las Peixateries Velles, del taller de Eiffel, son la imagen más conocida de Girona.	Les cases de colors penjades sobre el riu Onyar, amb el pont de ferro de les Peixateries Velles, del taller d'Eiffel, són la imatge més coneguda de Girona.	The colourful houses hanging over the River Onyar, with the iron bridge of the Peixateries Velles from Eiffel's workshop, are Girona's best-known image.
La Catedral y el Barri Jueu	La Catedral i el Barri Jueu	The Cathedral and the Jewish Quarter
La catedral, con su gran escalinata barroca, domina la ciudad. Junto a ella, el Barri Jueu (el Call) y el centro monumental, con museos y tiendas.	La catedral, amb la seva gran escalinata barroca, domina la ciutat. Al costat, el Barri Jueu (el Call) i el centre monumental, amb museus i botigues.	The cathedral, with its great Baroque staircase, dominates the city. Next to it are the Jewish Quarter (the Call) and the monumental centre, with museums and shops.
El casco antiguo	El nucli antic	The old town
Passeig Arqueològic, Plaça dels Jurats y el Monestir de Sant Pere de Galligants. Mercado semanal los sábados.	Passeig Arqueològic, plaça dels Jurats i el Monestir de Sant Pere de Galligants. Mercat setmanal els dissabtes.	Passeig Arqueològic, Plaça dels Jurats and the Monastery of Sant Pere de Galligants. Weekly market on Saturdays.
La Garrotxa, tierra de volcanes	La Garrotxa, terra de volcans	La Garrotxa, land of volcanoes
La Garrotxa y Olot	La Garrotxa i Olot	La Garrotxa and Olot
Parque natural de la zona volcánica, con unos 40 volcanes inactivos, como el de Santa Margarida, y Castellfollit de la Roca.	Parc natural de la zona volcànica, amb uns 40 volcans inactius, com el de Santa Margarida, i Castellfollit de la Roca.	Natural park of the volcanic zone, with some 40 dormant volcanoes such as Santa Margarida, and Castellfollit de la Roca.
Un hayedo que crece sobre una antigua colada de lava, cerca de Olot, para pasear a pie entre árboles.	Una fageda que creix sobre una antiga colada de lava, prop d'Olot, per passejar a peu entre arbres.	A beech forest growing on an old lava flow near Olot, for walking among the trees.
Pueblo medieval de la Garrotxa, con calles y soportales de piedra.	Poble medieval de la Garrotxa, amb carrers i porxos de pedra.	A medieval village in the Garrotxa, with stone streets and arcades.
La gran obra de Gaudí, a poco más de una hora de Tossa. Conviene reservar la entrada con antelación.	La gran obra de Gaudí, a poc més d'una hora de Tossa. Convé reservar l'entrada amb antelació.	Gaudí's masterpiece, a little over an hour from Tossa. It is best to book tickets in advance.
El parque de Gaudí, con sus bancos de mosaico y vistas sobre la ciudad.	El parc de Gaudí, amb els seus bancs de mosaic i vistes sobre la ciutat.	Gaudí's park, with its mosaic benches and views over the city.
El Barri Gòtic y la catedral	El Barri Gòtic i la catedral	The Gothic Quarter and the cathedral
El casco antiguo de Barcelona, con la catedral gótica y calles estrechas para pasear.	El nucli antic de Barcelona, amb la catedral gòtica i carrers estrets per passejar.	Barcelona's old town, with its Gothic cathedral and narrow streets for strolling.
Mar, senderismo y deporte municipal.	Mar, senderisme i esport municipal.	Sea, hiking and municipal sports.
Alquiler por horas y rutas guiadas con snorkel, desde la playa de Mar Menuda.	Lloguer per hores i rutes guiades amb snorkel, des de la platja de la Mar Menuda.	Hourly rental and guided snorkelling trips from Mar Menuda beach.
Kayak, coasteering y escalada con guías locales.	Caiac, coasteering i escalada amb guies locals.	Kayak, coasteering and climbing with local guides.
Bautismos, excursiones de inmersión y cursos, en centros como Super Dive Tossa, Tossa Divers, Dream Dive y L'Àmfora.	Bateigs, excursions d'immersió i cursos, en centres com Super Dive Tossa, Tossa Divers, Dream Dive i L'Àmfora.	Introductory dives, diving excursions and courses at centres such as Super Dive Tossa, Tossa Divers, Dream Dive and L'Àmfora.
Itinerarios a pie oficiales	Itineraris a peu oficials	Official walking routes
Es Codolar, Cala Pola, Ruixons, Sant Grau y el Puig de ses Cadiretes, según el plano de la Oficina de Turisme.	Es Codolar, Cala Pola, Ruixons, Sant Grau i el Puig de ses Cadiretes, segons el plànol de l'Oficina de Turisme.	Es Codolar, Cala Pola, Ruixons, Sant Grau and the Puig de ses Cadiretes, according to the Tourist Office map.
Piscinas, sauna, spinning y pádel; entrada de un día sin ser socio.	Piscines, sauna, spinning i pàdel; entrada d'un dia sense ser soci.	Pools, sauna, spinning and padel; day pass for non-members.
Entre las murallas	Entre les muralles	Inside the walls
El recinto medieval de la Vila Vella, único pueblo fortificado que queda en la costa catalana. Sin prisa y con calzado cómodo: las calles son empedradas y con cuestas.	El recinte medieval de la Vila Vella, l'únic poble fortificat que queda a la costa catalana. Sense pressa i amb calçat còmode: els carrers són empedrats i amb costes.	The medieval enclosure of the Vila Vella, the only fortified town left on the Catalan coast. Take your time and wear comfortable shoes: the streets are cobbled and steep.
Murallas y torres	Muralles i torres	Walls and towers
Siete torres del recinto, levantado contra los piratas.	Set torres del recinte, aixecat contra els pirates.	Seven towers of the walled enclosure, built against pirates.
En uno de los miradores, en recuerdo del rodaje de Pandora y el holandés errante (1950).	En un dels miradors, en record del rodatge de Pandora i l'holandès errant (1950).	At one of the viewpoints, in memory of the filming of Pandora and the Flying Dutchman (1950).
Mosaicos de la villa romana y una obra de Chagall. Cerrado por reformas según Tossa Turisme (octubre 2026).	Mosaics de la vila romana i una obra de Chagall. Tancat per reformes segons Tossa Turisme (octubre del 2026).	Mosaics from the Roman villa and a work by Chagall. Closed for refurbishment according to Tossa Turisme (October 2026).
La antigua iglesia, hoy escenario de conciertos en verano.	L'antiga església, avui escenari de concerts a l'estiu.	The old church, now a concert venue in summer.
El antiguo barrio de pescadores.	L'antic barri de pescadors.	The old fishermen's quarter.
El faro	El far	The lighthouse
Vistas a toda la bahía.	Vistes a tota la badia.	Views over the whole bay.
Del pueblo a la playa	Del poble a la platja	From town to beach
El centro de Tossa al pie de la Vila Vella: playa, museos, galerías y tiendas.	El centre de Tossa als peus de la Vila Vella: platja, museus, galeries i botigues.	The centre of Tossa at the foot of the Vila Vella: beach, museums, galleries and shops.
La playa del pueblo, con las murallas de fondo.	La platja del poble, amb les muralles al fons.	The town beach, with the walls behind.
Galerías de arte	Galeries d'art	Art galleries
Pastelerías y tiendas típicas	Pastisseries i botigues típiques	Pastry shops and traditional shops
Dulces del pueblo, bisutería y artesanía.	Dolços del poble, bijuteria i artesania.	Local sweets, costume jewellery and crafts.
Para una tarde o una noche	Per a una tarda o una nit	For an afternoon or an evening
Cuando ya has visto lo de siempre y quieres un plan concreto.	Quan ja has vist el de sempre i vols un pla concret.	When you have seen the classics and want a concrete plan.
Cuatro pistas de bolos con ambiente retro. Avinguda Costa Brava 7.	Quatre pistes de bitlles amb ambient retro. Avinguda Costa Brava 7.	Four bowling lanes with a retro feel. Avinguda Costa Brava 7.
Cocina catalana y marinera.	Cuina catalana i marinera.	Catalan and seafood cooking.
Marisco junto a la muralla.	Marisc vora la muralla.	Shellfish next to the wall.
En el trenecito	Amb el carrilet	On the tourist train
El trenecito turístico de Dicotren, con audioguía, para conocer Tossa sin caminar. Hay dos recorridos: el Tren Azul por el pueblo y el Tren Verde por dentro de la Vila Vella.	El carrilet turístic de Dicotren, amb audioguia, per conèixer Tossa sense caminar. Hi ha dos recorreguts: el Tren Blau pel poble i el Tren Verd per dins de la Vila Vella.	Dicotren's tourist train, with audio guide, to see Tossa without walking. There are two routes: the Blue Train around the town and the Green Train inside the Vila Vella.
Tren Azul: por el pueblo	Tren Blau: pel poble	Blue Train: around the town
Terminal de autobuses, Paseo del Mar, Av. la Palma, Mar Menuda, Av. Joan Maragall y Rambla Pau Casals. Unos 45 minutos. No entra en la Vila Vella.	Terminal d'autobusos, Passeig del Mar, Av. la Palma, Mar Menuda, Av. Joan Maragall i Rambla Pau Casals. Uns 45 minuts. No entra a la Vila Vella.	Bus terminal, Passeig del Mar, Av. la Palma, Mar Menuda, Av. Joan Maragall and Rambla Pau Casals. About 45 minutes. It does not enter the Vila Vella.
Tren Verde: hasta el faro	Tren Verd: fins al far	Green Train: up to the lighthouse
Recorrido por el recinto amurallado hasta el faro y vuelta, con billete de ida y vuelta y parada de unos 15 minutos en la plaza del Faro.	Recorregut pel recinte emmurallat fins al far i tornada, amb bitllet d'anada i tornada i parada d'uns 15 minuts a la plaça del Far.	A route through the walled enclosure to the lighthouse and back, with a return ticket and a stop of about 15 minutes in the Plaça del Far.
Información	Informació	Information
Tel. 972 340 241. Fuente: Oficina de Turisme de Tossa de Mar y dicotren.com.	Tel. 972 340 241. Font: Oficina de Turisme de Tossa de Mar i dicotren.com.	Tel. 972 340 241. Source: Tossa de Mar Tourist Office and dicotren.com.
Elige un paseo y mira qué te vas a encontrar.	Tria una passejada i mira què hi trobaràs.	Choose a walk and see what you will find.
Paseos por Tossa	Passejades per Tossa	Walks around Tossa
Tossa a través del tiempo	Tossa a través del temps	Tossa through time
Tossa es un museo al aire libre: huellas prehistóricas, una Turissa romana, una villa medieval amurallada y un pueblo que fue refugio de artistas.	Tossa és un museu a l'aire lliure: empremtes prehistòriques, una Turissa romana, una vila medieval emmurallada i un poble que va ser refugi d'artistes.	Tossa is an open-air museum: prehistoric traces, a Roman Turissa, a walled medieval town and a village that became a refuge for artists.
Prehistoria	Prehistòria	Prehistory
Megalitos	Megàlits	Megaliths
Hay menhires y dólmenes en el macizo de Ardenya-Cadiretes. La ruta megalítica empieza en el Santuario de Sant Grau.	Hi ha menhirs i dòlmens al massís de l'Ardenya-Cadiretes. La ruta megalítica comença al Santuari de Sant Grau.	There are menhirs and dolmens in the Ardenya-Cadiretes massif. The megalithic route starts at the Sant Grau Sanctuary.
Villa romana dels Ametllers	Vil·la romana dels Ametllers	Roman villa of Els Ametllers
Siglos I a.C. – V d.C.	Segles I aC – V dC	1st century BC – 5th century AD
Una de las villas romanas más importantes de la antigua provincia Tarraconense, dedicada al vino. Se conservan termas, mosaicos y un ninfeo; las piezas más valiosas están en el Museo Municipal.	Una de les viles romanes més importants de l'antiga província Tarraconense, dedicada al vi. Es conserven termes, mosaics i un ninfeu; les peces més valuoses són al Museu Municipal.	One of the most important Roman villas in the former province of Hispania Tarraconensis, devoted to wine. Baths, mosaics and a nymphaeum survive; the most valuable pieces are in the Municipal Museum.
Horarios de visita: Casa de Cultura, +34 972 340 905	Horaris de visita: Casa de Cultura, +34 972 340 905	Visiting hours: Casa de Cultura, +34 972 340 905
Siglo XIII · Monumento desde 1931	Segle XIII · Monument des del 1931	13th century · Monument since 1931
El recinto amurallado es el emblema de Tossa y el único pueblo medieval fortificado que se conserva en el litoral catalán. Tiene torres como la de en Joanàs, la de les Hores y la del Codolar, calles empedradas, la antigua iglesia gótica de Sant Vicenç y el faro, que ocupa el lugar del antiguo castillo.	El recinte emmurallat és l'emblema de Tossa i l'únic poble medieval fortificat que es conserva al litoral català. Té torres com la d'en Joanàs, la de les Hores i la del Codolar, carrers empedrats, l'antiga església gòtica de Sant Vicenç i el far, que ocupa el lloc de l'antic castell.	The walled enclosure is Tossa's emblem and the only fortified medieval town preserved on the Catalan coast. It has towers such as the Torre d'en Joanàs, the Torre de les Hores and the Torre del Codolar, cobbled streets, the old Gothic church of Sant Vicenç and the lighthouse, which stands on the site of the former castle.
C/ Portal · Abierto todo el año, 24 horas · Acceso gratuito	C/ Portal · Obert tot l'any, 24 hores · Accés gratuït	C/ Portal · Open all year, 24 hours · Free access
Tossa, villa marinera	Tossa, vila marinera	Tossa, a seafaring town
Identidad marinera	Identitat marinera	Seafaring identity
Tossa forma parte de la marca Barrios y Villas Marineras de Cataluña desde 2019. Su carácter marinero se ve en el faro, las murallas, la capilla del Socorro, las antiguas pescaderías y Can Ganga, y también en su cocina, con platos de barca como el «cim i tomba».	Tossa forma part de la marca Barris i Viles Mariners de Catalunya des del 2019. El seu caràcter mariner es veu al far, les muralles, la capella dels Socors, les antigues peixateries i Can Ganga, i també a la seva cuina, amb plats de barca com el «cim i tomba».	Tossa has been part of the Catalan Seafaring Towns and Districts brand since 2019. Its seafaring character shows in the lighthouse, the walls, the Socors chapel, the old fish markets and Can Ganga, and also in its cooking, with fishermen's dishes such as the «cim i tomba».
Barrio de Sa Roqueta	Barri de Sa Roqueta	Sa Roqueta quarter
Siglo XVI	Segle XVI	16th century
El antiguo barrio de pescadores junto a la playa d'Es Codolar: callejones sin coches, escaleras, rincones floridos y casas singulares como Can Ganga.	L'antic barri de pescadors vora la platja d'Es Codolar: carrerons sense cotxes, escales, racons florits i cases singulars com Can Ganga.	The old fishermen's quarter beside Es Codolar beach: car-free lanes, steps, flowery corners and distinctive houses such as Can Ganga.
Entre las calles Estolt y Portal	Entre els carrers Estolt i Portal	Between Carrer Estolt and Carrer Portal
Iglesia parroquial de Sant Vicenç	Església parroquial de Sant Vicenç	Sant Vicenç parish church
Neoclásica, 1755	Neoclàssica, 1755	Neoclassical, 1755
Se construyó cuando la iglesia de la Vila Vella se quedó pequeña. Es un edificio sencillo, con una nave central muy destacada.	Es va construir quan l'església de la Vila Vella es va quedar petita. És un edifici senzill, amb una nau central molt destacada.	It was built when the church in the Vila Vella became too small. It is a simple building with a very prominent central nave.
Plaza de l'Església	Plaça de l'Església	Plaça de l'Església
Capilla dels Socors	Capella dels Socors	Socors Chapel
Capilla de origen marinero, levantada por un patrón agradecido a la Virgen del Socorro tras salvarse de un naufragio. Está ligada a fiestas, como el baile «toquen a córrer», y a la tradición del Pelegrí.	Capella d'origen mariner, aixecada per un patró agraït a la Mare de Déu dels Socors després de salvar-se d'un naufragi. Està lligada a festes, com el ball «toquen a córrer», i a la tradició del Pelegrí.	A chapel of seafaring origin, built by a skipper grateful to the Virgin of Socors after surviving a shipwreck. It is linked to festivals such as the «toquen a córrer» dance and to the Pelegrí tradition.
Calle dels Socors	Carrer dels Socors	Carrer dels Socors
Antiguo hospital, 1773	Antic hospital, 1773	Former hospital, 1773
El antiguo Hospital de San Miguel, fundado por Tomàs Vidal, que volvió rico de América y lo dejó para un hospital de caridad. Tiene un claustro y una capilla barroca.	L'antic Hospital de Sant Miquel, fundat per Tomàs Vidal, que va tornar ric d'Amèrica i el va deixar per a un hospital de caritat. Té un claustre i una capella barroca.	The former Hospital of San Miguel, founded by Tomàs Vidal, who returned rich from America and left it to be a charity hospital. It has a cloister and a Baroque chapel.
Modernista, 1906	Modernista, 1906	Modernista (Catalan Art Nouveau), 1906
Edificio ecléctico del arquitecto Antoni de Falguera, con gárgolas modernistas, mosaicos y vitrales. Hoy es un hotel privado.	Edifici eclèctic de l'arquitecte Antoni de Falguera, amb gàrgoles modernistes, mosaics i vitralls. Avui és un hotel privat.	An eclectic building by the architect Antoni de Falguera, with Modernista gargoyles, mosaics and stained glass. Today it is a private hotel.
Plaza d'Espanya 6 / Passeig de Mar 41	Plaça d'Espanya 6 / Passeig de Mar 41	Plaça d'Espanya 6 / Passeig de Mar 41
Santuario de Sant Grau	Santuari de Sant Grau	Sant Grau Sanctuary
A unos 15 km de Tossa	A uns 15 km de Tossa	About 15 km from Tossa
Santuario ligado a la leyenda de San Gerardo de Aurillac, con un gran ábside semicircular. Cada 13 de octubre se celebra allí una romería.	Santuari lligat a la llegenda de Sant Gerald d'Orlhac, amb un gran absis semicircular. Cada 13 d'octubre s'hi celebra una romeria.	A sanctuary linked to the legend of Saint Gerald of Aurillac, with a large semicircular apse. A pilgrimage (romería) is held there every 13 October.
GI-682 hacia Sant Feliu y después GIP-6821 hacia Llagostera	GI-682 cap a Sant Feliu i després GIP-6821 cap a Llagostera	GI-682 towards Sant Feliu, then GIP-6821 towards Llagostera
Arte y cultura	Art i cultura	Art and culture
Los museos y el patrimonio artístico de Tossa, fruto de generaciones de tossenses y de los artistas que pasaron por aquí.	Els museus i el patrimoni artístic de Tossa, fruit de generacions de tossencs i dels artistes que hi van passar.	Tossa's museums and artistic heritage, the work of generations of locals and of the artists who passed through.
Museo Municipal	Museu Municipal	Municipal Museum
Primer museo de arte contemporáneo del Estado, 1935	Primer museu d'art contemporani de l'Estat, 1935	First contemporary art museum in Spain, 1935
Está en la antigua casa del gobernador de la Vila Vella. Guarda piezas de la villa romana y una colección de arte ligada a los artistas de vanguardia que se instalaron en Tossa en los años treinta, como Chagall o Masson.	És a l'antiga casa del governador de la Vila Vella. Guarda peces de la vil·la romana i una col·lecció d'art lligada als artistes d'avantguarda que es van instal·lar a Tossa als anys trenta, com Chagall o Masson.	It is in the former governor's house in the Vila Vella. It holds pieces from the Roman villa and an art collection tied to the avant-garde artists who settled in Tossa in the 1930s, such as Chagall and Masson.
Plaza Roig i Soler 1 (Vila Vella) · +34 972 340 709	Plaça Roig i Soler 1 (Vila Vella) · +34 972 340 709	Plaça Roig i Soler 1 (Vila Vella) · +34 972 340 709
Cerrado por reformas, según Tossa Turisme (octubre 2026): conviene comprobarlo antes de ir	Tancat per reformes, segons Tossa Turisme (octubre del 2026): convé comprovar-ho abans d'anar-hi	Closed for refurbishment, according to Tossa Turisme (October 2026): check before you go
Museo de la Mujer (Can Ganga)	Museu de la Dona (Can Ganga)	Women's Museum (Can Ganga)
Abierto en 2020	Obert el 2020	Opened in 2020
Cuenta cómo era la vida en Tossa antes del turismo desde el papel de la mujer: la pesca, el hogar y el campo. Está en una masía fortificada del siglo XVI, con una fresquera excavada en la roca.	Explica com era la vida a Tossa abans del turisme des del paper de la dona: la pesca, la llar i el camp. És en una masia fortificada del segle XVI, amb una fresquera excavada a la roca.	It shows what life in Tossa was like before tourism, through the role of women: fishing, the home and the countryside. It is in a fortified 16th-century farmhouse, with a cold store carved into the rock.
Cierres anunciados por Turisme: 13 y 14 de octubre	Tancaments anunciats per Turisme: 13 i 14 d'octubre	Closures announced by Turisme: 13 and 14 October
Faro de Tossa	Far de Tossa	Tossa lighthouse
1917 · «Un siglo de señales marítimas»	1917 · «Un segle de senyals marítims»	1917 · «A century of maritime signals»
Construido en la parte más alta del cabo, es hoy un museo sobre la historia y la tecnología de los faros de la Costa Brava, con las mejores vistas del pueblo.	Construït a la part més alta del cap, és avui un museu sobre la història i la tecnologia dels fars de la Costa Brava, amb les millors vistes del poble.	Built on the highest part of the headland, it is now a museum on the history and technology of Costa Brava lighthouses, with the best views of the town.
Paseo de Vila Vella	Passeig de la Vila Vella	Passeig de la Vila Vella
Todos los días: 10:00–13:00 y 16:00–20:00	Cada dia: 10:00–13:00 i 16:00–20:00	Every day: 10:00–13:00 and 16:00–20:00
Entrada: 3 € / 1,50 € · +34 972 343 359	Entrada: 3 € / 1,50 € · +34 972 343 359	Tickets: €3 / €1.50 · +34 972 343 359
Patrimonio escultórico	Patrimoni escultòric	Sculpture
Esculturas por el pueblo	Escultures pel poble	Sculptures around town
Tossa tiene esculturas repartidas por sus calles: Ava Gardner en la Vila Vella, la Pescadora del Peixeteries, la sirena de la plaza del Far, la diosa Minerva de Frederic Marès y otras. Turisme publica el mapa completo.	Tossa té escultures repartides pels seus carrers: Ava Gardner a la Vila Vella, la Pescadora de les Peixateries, la sirena de la plaça del Far, la deessa Minerva de Frederic Marès i d'altres. Turisme publica el mapa complet.	Tossa has sculptures scattered through its streets: Ava Gardner in the Vila Vella, the Fisherwoman of the Peixateries, the mermaid in Plaça del Far, the goddess Minerva by Frederic Marès and others. Turisme publishes the full map.
Entre otras: Bienvenida al visitante (plaza de les Nacions sense Estat), Ava Gardner (Passeig de Vila Vella), Diosa Minerva (Av. Sant Raimon de Penyafort), Poseidón y la ninfa Toosa (Av. Costa Brava)	Entre d'altres: Benvinguda al visitant (plaça de les Nacions sense Estat), Ava Gardner (Passeig de Vila Vella), Deessa Minerva (Av. Sant Raimon de Penyafort), Posidó i la nimfa Toosa (Av. Costa Brava)	Among others: Welcome to the Visitor (Plaça de les Nacions sense Estat), Ava Gardner (Passeig de Vila Vella), Goddess Minerva (Av. Sant Raimon de Penyafort), Poseidon and the nymph Toosa (Av. Costa Brava)
Fiestas, tradiciones y leyendas	Festes, tradicions i llegendes	Festivals, traditions and legends
Lo que se celebra y se cuenta en Tossa a lo largo del año.	El que se celebra i s'explica a Tossa al llarg de l'any.	What is celebrated and told in Tossa through the year.
Fiestas mayores	Festes majors	Main festivals
22 de enero y 29 de junio	22 de gener i 29 de juny	22 January and 29 June
Tossa celebra dos: la de invierno, el 22 de enero por San Vicente, patrón de la parroquia, y la de verano, el 29 de junio por San Pedro, patrón de los pescadores.	Tossa en celebra dues: la d'hivern, el 22 de gener per Sant Vicenç, patró de la parròquia, i la d'estiu, el 29 de juny per Sant Pere, patró dels pescadors.	Tossa celebrates two: the winter one, on 22 January for Saint Vincent, patron of the parish, and the summer one, on 29 June for Saint Peter, patron of the fishermen.
Jueves posterior a la Santísima Trinidad (mayo o junio)	Dijous posterior a la Santíssima Trinitat (maig o juny)	Thursday after Trinity Sunday (May or June)
Con las calles del centro engalanadas con alfombras de flores y altares, y una procesión por la tarde.	Amb els carrers del centre guarnits amb catifes de flors i altars, i una processó a la tarda.	With the streets of the centre decorated with carpets of flowers and altars, and a procession in the afternoon.
Romería de Sant Grau	Romeria de Sant Grau	Sant Grau pilgrimage
13 de octubre	13 d'octubre	13 October
La romería más popular de Tossa: se sube al santuario, hay misa, sardanas y comida al aire libre. Hoy mucha gente va en coche, aunque aún hay quien sube a pie.	La romeria més popular de Tossa: es puja al santuari, hi ha missa, sardanes i dinar a l'aire lliure. Avui molta gent hi va en cotxe, tot i que encara hi ha qui hi puja a peu.	Tossa's most popular pilgrimage: people go up to the sanctuary, there is mass, sardanas and an open-air meal. Many go by car today, though some still walk up.
20 de enero	20 de gener	20 January
Una tradición del siglo XV. Cumpliendo un voto del pueblo tras una peste, un peregrino sale de la capilla dels Socors hacia Santa Coloma de Farners y vuelve al día siguiente, con una procesión iluminada con teas junto a las murallas.	Una tradició del segle XV. Complint un vot del poble després d'una pesta, un pelegrí surt de la capella dels Socors cap a Santa Coloma de Farners i torna l'endemà, amb una processó il·luminada amb torxes vora les muralles.	A 15th-century tradition. Fulfilling a vow made by the town after a plague, a pilgrim leaves the Socors chapel for Santa Coloma de Farners and returns the next day, with a torchlit procession beside the walls.
2 de julio	2 de juliol	2 July
Un baile típico, antecesor de la sardana, que alterna nueve sardanas cortas con un galope por la calle dels Socors. Recuerda la leyenda de la Virgen del Socorro y el niño Xixanet.	Un ball típic, antecessor de la sardana, que alterna nou sardanes curtes amb un galop pel carrer dels Socors. Recorda la llegenda de la Mare de Déu dels Socors i el nen Xixanet.	A traditional dance, ancestor of the sardana, alternating nine short sardanas with a gallop along Carrer dels Socors. It recalls the legend of the Virgin of Socors and the boy Xixanet.
Leyendas de Tossa	Llegendes de Tossa	Legends of Tossa
Las brujas de la Vila Vella y Xixanet	Les bruixes de la Vila Vella i Xixanet	The witches of the Vila Vella and Xixanet
La más conocida cuenta cómo tres brujas convertidas en gatos negros usaban cada noche la barca de un pescador de Es Codolar para viajar a América. Otra, la de Xixanet i sa Mitja Cana, habla de un milagro de la Virgen del Socorro.	La més coneguda explica com tres bruixes convertides en gats negres feien servir cada nit la barca d'un pescador d'Es Codolar per viatjar a Amèrica. Una altra, la de Xixanet i sa Mitja Cana, parla d'un miracle de la Mare de Déu dels Socors.	The best known tells how three witches turned into black cats used a fisherman's boat from Es Codolar each night to sail to America. Another, that of Xixanet and sa Mitja Cana, tells of a miracle of the Virgin of Socors.
De los menhires a la villa marinera: lo que hay que saber de Tossa y dónde verlo.	Dels menhirs a la vila marinera: el que cal saber de Tossa i on veure-ho.	From menhirs to a seafaring town: what to know about Tossa and where to see it.
Secciones	Seccions	Sections
Resumen elaborado por Paradis Blau a partir de la información de Tossa Turisme (visittossa.com). Horarios, precios y cierres pueden cambiar: confirma siempre antes de ir. Más información en cada ficha de Turisme.	Resum elaborat per Paradis Blau a partir de la informació de Tossa Turisme (visittossa.com). Horaris, preus i tancaments poden canviar: confirma-ho sempre abans d'anar-hi. Més informació a cada fitxa de Turisme.	Summary prepared by Paradis Blau from Tossa Turisme information (visittossa.com). Opening times, prices and closures may change: always check before you go. More information in each Turisme entry.
Planes · Paradis Blau	Plans · Paradis Blau	Things to do · Paradis Blau
Paseando por Tossa · Paradis Blau	Passejant per Tossa · Paradis Blau	Walks around Tossa · Paradis Blau
Playas y calas de Tossa · Paradis Blau	Platges i cales de Tossa · Paradis Blau	Beaches and coves of Tossa · Paradis Blau
Historia y patrimonio de Tossa · Paradis Blau	Història i patrimoni de Tossa · Paradis Blau	History and heritage of Tossa · Paradis Blau
Servicios y contacto · Paradis Blau	Serveis i contacte · Paradis Blau	Services and contact · Paradis Blau
Pasatiempos · Paradis Blau	Passatemps · Paradis Blau	Games · Paradis Blau
Directorio de Tossa · Paradis Blau	Directori de Tossa · Paradis Blau	Tossa directory · Paradis Blau
Webcams de Tossa en directo · Paradis Blau	Webcams de Tossa en directe · Paradis Blau	Tossa live webcams · Paradis Blau
Nuestras recomendaciones · Paradis Blau	Les nostres recomanacions · Paradis Blau	Our recommendations · Paradis Blau
Créditos de fotos · Paradis Blau	Crèdits de les fotos · Paradis Blau	Photo credits · Paradis Blau
Planes en Tossa de Mar: con sol, con lluvia, shopping, la Costa Brava, Girona y deportes.	Plans a Tossa de Mar: amb sol, amb pluja, compres, la Costa Brava, Girona i esports.	Things to do in Tossa de Mar: in sun or rain, shopping, the Costa Brava, Girona and sports.
Cuatro paseos por Tossa de Mar: entre las murallas, del pueblo a la playa, para una tarde o una noche y en el trenecito.	Quatre passejades per Tossa de Mar: entre les muralles, del poble a la platja, per a una tarda o una nit i amb el carrilet.	Four walks around Tossa de Mar: inside the walls, from the town to the beach, for an afternoon or an evening, and on the little tourist train.
Las playas y calas de Tossa de Mar: distancia, tamaño, tipo de arena, cómo llegar y servicios.	Les platges i cales de Tossa de Mar: distància, mida, tipus de sorra, com arribar-hi i serveis.	The beaches and coves of Tossa de Mar: distance, size, type of sand, how to get there and facilities.
La Vila Vella, la villa romana, los museos, las fiestas y las leyendas de Tossa de Mar.	La Vila Vella, la vil·la romana, els museus, les festes i les llegendes de Tossa de Mar.	The Vila Vella, the Roman villa, the museums, the festivals and the legends of Tossa de Mar.
Emergencias, farmacias, médicos, dentistas, hospitales, taxis, autobuses, oficina de turismo y contacto en Tossa de Mar.	Emergències, farmàcies, metges, dentistes, hospitals, taxis, autobusos, oficina de turisme i contacte a Tossa de Mar.	Emergencies, pharmacies, doctors, dentists, hospitals, taxis, buses, tourist office and contact details in Tossa de Mar.
Sudoku, parejas, cuatro en raya, la oca, puzzle deslizante, sopa de letras y crucigramas, para todas las edades y sin sonido.	Sudoku, parelles, quatre en ratlla, l'oca, trencaclosques lliscant, sopa de lletres i mots encreuats, per a totes les edats i sense so.	Sudoku, matching pairs, connect four, the goose game, sliding puzzle, word search and crosswords, for all ages and without sound.
Dónde comer, dónde dormir, shopping, ocio, deporte y transportes en Tossa de Mar, con teléfono, web y ubicación en el mapa.	On menjar, on dormir, compres, oci, esport i transports a Tossa de Mar, amb telèfon, web i ubicació al mapa.	Where to eat, where to stay, shopping, leisure, sports and transport in Tossa de Mar, with phone, website and map location.
Mira en directo la Platja Gran y la Mar Menuda de Tossa de Mar antes de bajar a la playa.	Mira en directe la Platja Gran i la Mar Menuda de Tossa de Mar abans de baixar a la platja.	Watch the Platja Gran and the Mar Menuda in Tossa de Mar live before you head down to the beach.
Planes y negocios de Tossa que recomendamos, con sus datos y su ubicación.	Plans i negocis de Tossa que recomanem, amb les dades i la ubicació.	Things to do and businesses in Tossa that we recommend, with details and location.
Autoría y licencia de las fotografías de terceros usadas en Paradis Blau.	Autoria i llicència de les fotografies de tercers utilitzades a Paradis Blau.	Credits and licences of the third-party photographs used on Paradis Blau.
Lo importante, siempre a mano.	Allò important, sempre a mà.	The essentials, always to hand.
← Ver todos los servicios	← Veure tots els serveis	← See all services
En una emergencia	En una emergència	In an emergency
Policía, bomberos y ambulancia: un solo número, gratuito y con atención en varios idiomas.	Policia, bombers i ambulància: un sol número, gratuït i amb atenció en diversos idiomes.	Police, fire brigade and ambulance: one number, free, with help in several languages.
Llamar al 112	Trucar al 112	Call 112
Seguridad y salud	Seguretat i salut	Safety and health
Policía Local de Tossa de Mar	Policia Local de Tossa de Mar	Tossa de Mar Local Police
Centro de salud (CAP) de Tossa de Mar	Centre de salut (CAP) de Tossa de Mar	Tossa de Mar health centre (CAP)
Centro de salud (CAP) y urgencias	Centre de salut (CAP) i urgències	Health centre (CAP) and urgent care
Parque de Bomberos de Tossa de Mar	Parc de Bombers de Tossa de Mar	Tossa de Mar fire station
Parque de Bomberos Voluntarios de Tossa. En una emergencia, llama al 112.	Parc de Bombers Voluntaris de Tossa. En una emergència, truca al 112.	Tossa Volunteer Fire Station. In an emergency, call 112.
¿Cuál está de guardia?	Quina és de guàrdia?	Which one is on duty?
El Col·legi de Farmacèutics de Girona publica cada día qué farmacia está en servicio de urgencia.	El Col·legi de Farmacèutics de Girona publica cada dia quina farmàcia és en servei d'urgència.	The Col·legi de Farmacèutics de Girona publishes each day which pharmacy is on emergency duty.
Antes de ir a la farmacia de guardia, avisa a la Policía Local	Abans d'anar a la farmàcia de guàrdia, avisa la Policia Local	Before going to the on-duty pharmacy, tell the Local Police
para que la farmacia espere tu visita y te atienda.	perquè la farmàcia esperi la teva visita i t'atengui.	so that the pharmacy expects your visit and serves you.
Consultar guardias	Consultar guàrdies	Check on-duty pharmacies
Avisar a la Policía: 972 340 135	Avisar la Policia: 972 340 135	Tell the Police: 972 340 135
Salud y bienestar	Salut i benestar	Health and wellbeing
Centro médico	Centre mèdic	Medical centre
Dentistas	Dentistes	Dentists
Fisioterapia	Fisioteràpia	Physiotherapy
Veterinarios	Veterinaris	Vets
Hospitales cercanos	Hospitals propers	Nearby hospitals
Web	Web	Website
Servicios del pueblo	Serveis del poble	Town services
Ayuntamiento de Tossa de Mar	Ajuntament de Tossa de Mar	Tossa de Mar Town Hall
Av. del Pelegrí 25, edificio La Nau	Av. del Pelegrí 25, edifici La Nau	Av. del Pelegrí 25, La Nau building
Correos	Correus	Post office
Taxis	Taxis	Taxis
Parada en Av. del Pelegrí 25, plaça de les Nacions sense Estat	Parada a l'Av. del Pelegrí 25, plaça de les Nacions sense Estat	Taxi rank at Av. del Pelegrí 25, plaça de les Nacions sense Estat
Av. de la Vila de Lloret s/n. Información Moventis-Sarfa (Barcelona, Lloret, Blanes)	Av. de la Vila de Lloret s/n. Informació Moventis-Sarfa (Barcelona, Lloret, Blanes)	Av. de la Vila de Lloret s/n. Moventis-Sarfa information (Barcelona, Lloret, Blanes)
Atención ciudadana (Generalitat)	Atenció ciutadana (Generalitat)	Citizen information (Generalitat)
Teléfono gratuito de información	Telèfon gratuït d'informació	Free information line
Puntos señalizados en verde en el aparcamiento frente a la Policía Local (Av. del Pelegrí 19) y junto al aparcamiento Porta de St. Feliu (C/ Pintor Joan Serra)	Punts senyalitzats en verd a l'aparcament davant de la Policia Local (Av. del Pelegrí 19) i al costat de l'aparcament Porta de St. Feliu (C/ Pintor Joan Serra)	Spaces marked in green in the car park opposite the Local Police (Av. del Pelegrí 19) and next to the Porta de St. Feliu car park (C/ Pintor Joan Serra)
Información y transporte	Informació i transport	Information and transport
Dicotren, con audioguía: Tren Azul por el pueblo y Tren Verde hasta el faro.	Dicotren, amb audioguia: Tren Blau pel poble i Tren Verd fins al far.	Dicotren, with audio guide: Blue Train around the town and Green Train up to the lighthouse.
Salida del trenecito azul.	Sortida del carrilet blau.	Departure of the blue tourist train.
Conéctate gratis a la red abierta del edificio.	Connecta't gratis a la xarxa oberta de l'edifici.	Connect for free to the building's open network.
Conéctate gratis a la red abierta del pabellón.	Connecta't gratis a la xarxa oberta del pavelló.	Connect for free to the sports hall's open network.
Tu alojamiento y experiencias en la Costa Brava.	El teu allotjament i experiències a la Costa Brava.	Your accommodation and experiences on the Costa Brava.
Móvil 655 550 565	Mòbil 655 550 565	Mobile 655 550 565
¿Algo no funciona en la guía o en el wifi? Escríbenos.	Hi ha alguna cosa que no funciona a la guia o al wifi? Escriu-nos.	Is something not working in the guide or the wifi? Write to us.
Desde la playa del pueblo hasta calas a las que se llega a pie o en barca.	Des de la platja del poble fins a cales a les quals s'arriba a peu o en barca.	From the town beach to coves reached on foot or by boat.
Ordenar por	Ordena per	Sort by
Más cerca de Tossa	Més a prop de Tossa	Closest to Tossa
Nombre	Nom	Name
Datos y fotos: Tossa Turisme (visittossa.com).	Dades i fotos: Tossa Turisme (visittossa.com).	Data and photos: Tossa Turisme (visittossa.com).
Elige qué buscas.	Tria què busques.	Choose what you are looking for.
Buscar	Cerca	Search
Nombre o calle	Nom o carrer	Name or street
Solo los que están en el mapa	Només els que són al mapa	Only those on the map
Ver este tipo en el mapa	Veure aquest tipus al mapa	See this type on the map
Ver más	Veure'n més	Show more
Datos de Tossa Turisme (visittossa.com) y de la Unió de Botiguers (ubtossa.com). La ubicación en el mapa de algunos negocios es aproximada. Las fotos sin marca son ilustrativas y no corresponden al negocio.	Dades de Tossa Turisme (visittossa.com) i de la Unió de Botiguers (ubtossa.com). La ubicació al mapa d'alguns negocis és aproximada. Les fotos sense marca són il·lustratives i no corresponen al negoci.	Data from Tossa Turisme (visittossa.com) and the Unió de Botiguers (ubtossa.com). The map location of some businesses is approximate. Photos without a credit are illustrative and do not show the business.
Directorio de Tossa	Directori de Tossa	Tossa directory
Filtrar por tipo	Filtrar per tipus	Filter by type
Restaurantes, bares y cafeterías de Tossa.	Restaurants, bars i cafeteries de Tossa.	Restaurants, bars and cafés in Tossa.
Hoteles, apartamentos, campings y alquiler vacacional.	Hotels, apartaments, càmpings i lloguer vacacional.	Hotels, apartments, campsites and holiday rentals.
Tiendas y comercios de Tossa.	Botigues i comerços de Tossa.	Shops and businesses in Tossa.
Excursiones, actividades y diversión.	Excursions, activitats i diversió.	Excursions, activities and fun.
Mar, bici, gimnasios y deportes.	Mar, bici, gimnasos i esports.	Sea, cycling, gyms and sports.
Taxis, autobuses, alquiler y aparcamientos.	Taxis, autobusos, lloguer i aparcaments.	Taxis, buses, rentals and parking.
Ver carta y local	Veure carta i local	See menu and venue
En Paradis Blau	A Paradis Blau	On Paradis Blau
Mira cómo está la playa antes de bajar: mar, gente y tiempo, ahora mismo.	Mira com és la platja abans de baixar: mar, gent i temps, ara mateix.	See what the beach is like before you go down: sea, crowds and weather, right now.
Las cámaras son de sus propietarios. Al pulsar el botón de cada cámara o mapa tu móvil se conecta con el servicio que emite la imagen (ipcamlive.com, YouTube o Windy).	Les càmeres són dels seus propietaris. En prémer el botó de cada càmera o mapa, el mòbil es connecta amb el servei que emet la imatge (ipcamlive.com, YouTube o Windy).	The cameras belong to their owners. When you press the button of each camera or map, your phone connects to the service that broadcasts the image (ipcamlive.com, YouTube or Windy).
Algunas fotografías proceden de Wikimedia Commons y se usan con la licencia indicada. Pulsa en la licencia para ver su texto y en el título para ver la foto original y su autor.	Algunes fotografies procedeixen de Wikimedia Commons i s'utilitzen amb la llicència indicada. Prem la llicència per veure'n el text i el títol per veure la foto original i el seu autor.	Some photographs come from Wikimedia Commons and are used under the licence shown. Tap the licence to read its text and the title to see the original photo and its author.
En el camino de ronda	Al camí de ronda	On the coastal path
Antiguo puerto natural de los pescadores, bajo la torre del Codolar, donde termina el tramo sur del camino de ronda, con buenas vistas de la Vila Vella. Se baja por unas escaleras. Las rocas de la derecha son un buen sitio para hacer snorkel.	Antic port natural dels pescadors, sota la torre del Codolar, on acaba el tram sud del camí de ronda, amb bones vistes de la Vila Vella. Es baixa per unes escales. Les roques de la dreta són un bon lloc per fer snorkel.	The fishermen's old natural harbour, below the Torre del Codolar, where the southern stretch of the coastal path ends, with good views of the Vila Vella. You go down some steps. The rocks on the right are a good spot for snorkelling.
Cómo llegar: Solo a pie, bajando unas escaleras.	Com arribar-hi: només a peu, baixant unes escales.	How to get there: on foot only, down some steps.
Servicios: Duchas · Lavabos · Playa vigilada · Chiringuito · Hamacas y parasoles	Serveis: Dutxes · Lavabos · Platja vigilada · Xiringuito · Gandules i para-sols	Facilities: Showers · Toilets · Lifeguard · Beach bar · Sunbeds and parasols
Bandera Azul	Bandera Blava	Blue Flag
Accesible para movilidad reducida	Accessible per a mobilitat reduïda	Accessible for reduced mobility
La segunda playa del pueblo, a pocos minutos a pie del centro. En su extremo norte está la «banyera de ses dones», una pequeña cala de aguas tranquilas y poco profundas, muy buena para los más pequeños.	La segona platja del poble, a pocs minuts a peu del centre. A l'extrem nord hi ha la «banyera de ses dones», una petita cala d'aigües tranquil·les i poc profundes, molt bona per als més petits.	The town's second beach, a few minutes' walk from the centre. At its northern end is the «banyera de ses dones», a small cove of calm, shallow water, very good for young children.
Cómo llegar: En coche, a pie o en barco privado.	Com arribar-hi: en cotxe, a peu o en barca privada.	How to get there: by car, on foot or by private boat.
Aparcamiento: de pago.	Aparcament: de pagament.	Parking: paid.
Servicios: Duchas · Lavabos adaptados · Playa vigilada · Servicio de silla anfibia para el baño adaptado · Pasarelas de madera · Restaurante, bar y chiringuito · Hamacas y parasoles · Actividades náuticas y acuáticas · Alquiler de material para actividades acuáticas · Zona de atraque de barcas · Campo de boyas · Zona de varada	Serveis: Dutxes · Lavabos adaptats · Platja vigilada · Servei de cadira amfíbia per al bany adaptat · Passarel·les de fusta · Restaurant, bar i xiringuito · Gandules i para-sols · Activitats nàutiques i aquàtiques · Lloguer de material per a activitats aquàtiques · Zona d'amarratge de barques · Camp de boies · Zona de varada	Facilities: Showers · Adapted toilets · Lifeguard · Amphibious chair for adapted bathing · Wooden walkways · Restaurant, bar and beach bar · Sunbeds and parasols · Water sports and activities · Water sports equipment hire · Boat mooring area · Buoy field · Boat launching area
La playa principal de Tossa, a los pies del cabo y de las murallas de la Vila Vella, uno de los paisajes más fotografiados de la Costa Brava. En 2013 National Geographic la incluyó entre las 25 mejores playas del mundo.	La platja principal de Tossa, als peus del cap i de les muralles de la Vila Vella, un dels paisatges més fotografiats de la Costa Brava. El 2013 National Geographic la va incloure entre les 25 millors platges del món.	Tossa's main beach, at the foot of the headland and the walls of the Vila Vella, one of the most photographed landscapes of the Costa Brava. In 2013 National Geographic included it among the 25 best beaches in the world.
Cómo llegar: En coche, a pie o en barca privada.	Com arribar-hi: en cotxe, a peu o en barca privada.	How to get there: by car, on foot or by private boat.
Barcos con fondo de cristal hasta cala Giverola y cruceros turísticos hacia los pueblos situados al sur de Tossa hasta Calella.	Vaixells amb fons de vidre fins a cala Giverola i creuers turístics cap als pobles situats al sud de Tossa fins a Calella.	Glass-bottom boats to Cala Giverola and sightseeing cruises to the towns south of Tossa as far as Calella.
Servicios: Duchas · Lavabos adaptados · Playa vigilada · Servicio de silla anfibia para el baño adaptado · Pasarelas de madera · Restaurantes, bares y chiringuitos · Hamacas y parasoles · Actividades náuticas · Zona de atraque de barcas · Campo de boyas · Zona de varada	Serveis: Dutxes · Lavabos adaptats · Platja vigilada · Servei de cadira amfíbia per al bany adaptat · Passarel·les de fusta · Restaurants, bars i xiringuitos · Gandules i para-sols · Activitats nàutiques · Zona d'amarratge de barques · Camp de boies · Zona de varada	Facilities: Showers · Adapted toilets · Lifeguard · Amphibious chair for adapted bathing · Wooden walkways · Restaurants, bars and beach bars · Sunbeds and parasols · Water sports · Boat mooring area · Buoy field · Boat launching area
Cala rocosa, casi sin arena, muy protegida al final de un brazo de mar que se adentra en la tierra.	Cala rocosa, gairebé sense sorra, molt protegida al final d'un braç de mar que s'endinsa a la terra.	A rocky cove, almost without sand, very sheltered at the end of an arm of the sea that reaches inland.
Cómo llegar: Mejor a pie por el camino de ronda, porque no hay aparcamiento. Desde la carretera hay una bajada con fuerte desnivel.	Com arribar-hi: millor a peu pel camí de ronda, perquè no hi ha aparcament. Des de la carretera hi ha una baixada amb un fort desnivell.	How to get there: best on foot along the coastal path, as there is no parking. From the road there is a steep descent.
Cala tranquila entre pinos, muy apreciada por los buceadores por su fondo rico y sus aguas transparentes. Un camino junto al mar la une con Cala Llevadó.	Cala tranquil·la entre pins, molt apreciada pels bussejadors pel seu fons ric i les seves aigües transparents. Un camí vora el mar la uneix amb Cala Llevadó.	A quiet cove among pines, much appreciated by divers for its rich seabed and clear water. A path along the sea links it to Cala Llevadó.
Cómo llegar: En coche hasta el desvío de Cala Llevadó; se aparca junto a la barrera del camping y se sigue a pie cruzando el camping. También por mar en barco privado.	Com arribar-hi: en cotxe fins al desviament de Cala Llevadó; s'aparca al costat de la barrera del càmping i es continua a peu travessant el càmping. També per mar en barca privada.	How to get there: by car to the Cala Llevadó turn-off; park next to the campsite barrier and continue on foot through the campsite. Also by sea in a private boat.
Servicios: Duchas · Lavabos · Chiringuito · Hamacas y sombrillas · Zona de atraque de barcas	Serveis: Dutxes · Lavabos · Xiringuito · Gandules i para-sols · Zona d'amarratge de barques	Facilities: Showers · Toilets · Beach bar · Sunbeds and parasols · Boat mooring area
Playa nudista	Platja nudista	Nudist beach
Pequeña cala natural entre Cala d'en Carlos y la playa de Llorell, sin servicios y de uso nudista.	Petita cala natural entre Cala d'en Carlos i la platja de Llorell, sense serveis i d'ús nudista.	A small natural cove between Cala d'en Carlos and Llorell beach, with no facilities and used by nudists.
Cómo llegar: En coche hasta el desvío de Cala Llevadó; se aparca junto a la barrera del camping y se sigue a pie cruzando el camping.	Com arribar-hi: en cotxe fins al desviament de Cala Llevadó; s'aparca al costat de la barrera del càmping i es continua a peu travessant el càmping.	How to get there: by car to the Cala Llevadó turn-off; park next to the campsite barrier and continue on foot through the campsite.
Cala pequeña y rocosa, rodeada de vegetación y muy buena para el buceo. No tiene servicios.	Cala petita i rocosa, envoltada de vegetació i molt bona per al busseig. No té serveis.	A small rocky cove surrounded by vegetation and very good for diving. It has no facilities.
Cómo llegar: En coche hasta el desvío de Cala Llevadó. Se aparca junto a la barrera del camping y se sigue a pie cruzando el camping.	Com arribar-hi: en cotxe fins al desviament de Cala Llevadó. S'aparca al costat de la barrera del càmping i es continua a peu travessant el càmping.	How to get there: by car to the Cala Llevadó turn-off. Park next to the campsite barrier and continue on foot through the campsite.
Sin servicios.	Sense serveis.	No facilities.
Playa larga rodeada de una urbanización privada, con muchos servicios y actividades náuticas. Es la excepción en un tramo de calas mucho más pequeñas.	Platja llarga envoltada d'una urbanització privada, amb molts serveis i activitats nàutiques. És l'excepció en un tram de cales molt més petites.	A long beach surrounded by a private development, with many facilities and water sports. It is the exception on a stretch of much smaller coves.
Cómo llegar: En coche hasta el desvío de Cala Llevadó y por un camino a la derecha hasta un aparcamiento de pago; después, a pie por un camino en pendiente. También por mar en barco privado.	Com arribar-hi: en cotxe fins al desviament de Cala Llevadó i per un camí a la dreta fins a un aparcament de pagament; després, a peu per un camí en pendent. També per mar en barca privada.	How to get there: by car to the Cala Llevadó turn-off and along a track to the right to a paid car park; then on foot along a sloping path. Also by sea in a private boat.
Servicios: Duchas · Lavabos adaptados · Restaurante, bar y chiringuito · Hamacas y parasoles · Actividades náuticas y acuáticas · Alquiler de material para actividades acuáticas · Zona de atraque de barcas · Campo de boyas	Serveis: Dutxes · Lavabos adaptats · Restaurant, bar i xiringuito · Gandules i para-sols · Activitats nàutiques i aquàtiques · Lloguer de material per a activitats aquàtiques · Zona d'amarratge de barques · Camp de boies	Facilities: Showers · Adapted toilets · Restaurant, bar and beach bar · Sunbeds and parasols · Water sports and activities · Water sports equipment hire · Boat mooring area · Buoy field
Esta cala y la punta que protege su bahía forman uno de los paisajes más característicos de la costa de Tossa.	Aquesta cala i la punta que protegeix la seva badia formen un dels paisatges més característics de la costa de Tossa.	This cove and the point that shelters its bay make up one of the most characteristic landscapes of the Tossa coast.
Cómo llegar: Directamente por el camino de ronda. Por carretera, hay que cruzar a pie el camping que la rodea. También por mar en barco privado.	Com arribar-hi: directament pel camí de ronda. Per carretera, cal travessar a peu el càmping que l'envolta. També per mar en barca privada.	How to get there: directly along the coastal path. By road, you have to cross the campsite around it on foot. Also by sea in a private boat.
Servicios: Chiringuito · Lavabos	Serveis: Xiringuito · Lavabos	Facilities: Beach bar · Toilets
Cala de aguas cristalinas entre acantilados y pinos, junto a un complejo turístico que ofrece casi todos los servicios y mucha actividad náutica.	Cala d'aigües cristal·lines entre penya-segats i pins, al costat d'un complex turístic que ofereix gairebé tots els serveis i molta activitat nàutica.	A cove of crystal-clear water between cliffs and pines, next to a resort that offers almost every service and plenty of water sports.
Cómo llegar: En coche por la GI-682 hasta el desvío, con aparcamiento de pago, o por mar en barco privado.	Com arribar-hi: en cotxe per la GI-682 fins al desviament, amb aparcament de pagament, o per mar en barca privada.	How to get there: by car along the GI-682 to the turn-off, with paid parking, or by sea in a private boat.
Barcos turísticos: barcos con fondo de cristal desde la Playa Grande de Tossa.	Vaixells turístics: vaixells amb fons de vidre des de la Platja Gran de Tossa.	Tourist boats: glass-bottom boats from the Platja Gran in Tossa.
Acceso desaconsejado	Accés desaconsellat	Access not recommended
Playa dividida en dos partes que se comunican por unas escaleras y una rampa. No tiene servicios.	Platja dividida en dues parts que es comuniquen per unes escales i una rampa. No té serveis.	A beach split into two parts connected by steps and a ramp. It has no facilities.
Cómo llegar: Ahora mismo no se recomienda ir, por peligro de desprendimientos.	Com arribar-hi: ara mateix no es recomana anar-hi, per perill d'esllavissades.	How to get there: it is not currently recommended to go, because of the risk of rockfalls.
Cala bajo un acantilado, con una bahía de color esmeralda. Es mejor ir por la mañana, porque por la tarde el acantilado tapa el sol.	Cala sota un penya-segat, amb una badia de color maragda. És millor anar-hi al matí, perquè a la tarda el penya-segat tapa el sol.	A cove below a cliff, with an emerald-coloured bay. It is best to go in the morning, because in the afternoon the cliff blocks the sun.
Cómo llegar: En coche por la GI-682 hasta el desvío y después a pie, con un tramo largo de escaleras.	Com arribar-hi: en cotxe per la GI-682 fins al desviament i després a peu, amb un tram llarg d'escales.	How to get there: by car along the GI-682 to the turn-off, then on foot, with a long flight of steps.
Pequeña cala de difícil acceso por tierra, en el extremo sur del término de Tossa, con vegetación hasta la misma arena. No tiene servicios.	Petita cala de difícil accés per terra, a l'extrem sud del terme de Tossa, amb vegetació fins a la mateixa sorra. No té serveis.	A small cove that is hard to reach by land, at the southern end of Tossa's municipality, with vegetation right down to the sand. It has no facilities.
Playa de una urbanización privada a la que no se entra en coche. A la derecha, un pequeño embarcadero y unas escaleras de piedra suben a la punta de Salions, con buenas vistas de la costa.	Platja d'una urbanització privada a la qual no s'entra amb cotxe. A la dreta, un petit embarcador i unes escales de pedra pugen a la punta de Salions, amb bones vistes de la costa.	The beach of a private development that cars cannot enter. On the right, a small jetty and stone steps climb to Punta de Salions, with good views of the coast.
Cómo llegar: En coche por la GI-682 hasta la entrada de la urbanización y después unos 25 minutos a pie. También por mar en barco privado.	Com arribar-hi: en cotxe per la GI-682 fins a l'entrada de la urbanització i després uns 25 minuts a peu. També per mar en barca privada.	How to get there: by car along the GI-682 to the entrance of the development, then about 25 minutes on foot. Also by sea in a private boat.
Servicios: Duchas · Lavabos · Playa vigilada · Restaurante y bar · Campo de boyas · Zona de varada	Serveis: Dutxes · Lavabos · Platja vigilada · Restaurant i bar · Camp de boies · Zona de varada	Facilities: Showers · Toilets · Lifeguard · Restaurant and bar · Buoy field · Boat launching area
Nudismo permitido	Nudisme permès	Nudism allowed
Playa virgen entre Tossa y Santa Cristina d'Aro, rodeada de vegetación. No tiene servicios y se permite el nudismo.	Platja verge entre Tossa i Santa Cristina d'Aro, envoltada de vegetació. No té serveis i es permet el nudisme.	An unspoilt beach between Tossa and Santa Cristina d'Aro, surrounded by vegetation. It has no facilities and nudism is allowed.
Cómo llegar: En coche por la GI-682 hasta el desvío y después unos 10 minutos a pie.	Com arribar-hi: en cotxe per la GI-682 fins al desviament i després uns 10 minuts a peu.	How to get there: by car along the GI-682 to the turn-off, then about 10 minutes on foot.
Más información	Més informació	More information
Entrar	Entrar	Open
Dominio público	Domini públic	Public domain
ilustrativa	il·lustrativa	illustrative
Ver en directo	Veure en directe	Watch live
Abrir en su web	Obrir al seu web	Open on their website
La cala al norte del pueblo.	La cala al nord del poble.	The cove north of the town.
Webcam de Tossa Turisme	Webcam de Tossa Turisme	Tossa Turisme webcam
La cámara que recomienda la Oficina de Turisme.	La càmera que recomana l'Oficina de Turisme.	The camera recommended by the Tourist Office.
Ver el mapa del mar	Veure el mapa del mar	See the sea map
El mar hoy: olas y viento	El mar avui: onades i vent	The sea today: waves and wind
Altura de las olas, viento y su previsión para los próximos días en la costa de Tossa.	Alçada de les onades, vent i la seva previsió per als pròxims dies a la costa de Tossa.	Wave height, wind and the forecast for the coming days on the Tossa coast.
Su web	El seu web	Their website
Datos de contacto: Tossa Turisme (visittossa.com). Si algo ha cambiado, escríbenos y lo actualizamos.	Dades de contacte: Tossa Turisme (visittossa.com). Si alguna cosa ha canviat, escriu-nos i ho actualitzem.	Contact details: Tossa Turisme (visittossa.com). If anything has changed, write to us and we will update it.
Bautismos, excursiones de inmersión y cursos en los centros de buceo de Tossa.	Bateigs, excursions d'immersió i cursos als centres de busseig de Tossa.	Introductory dives, diving excursions and courses at Tossa's diving centres.
Dónde hacerlo	On fer-ho	Where to do it
Paseo en barco con fondo de cristal para ver el fondo marino de la costa de Tossa. Sale de la Platja Gran.	Passejada en barca amb fons de vidre per veure el fons marí de la costa de Tossa. Surt de la Platja Gran.	Glass-bottom boat trip to see the seabed along the Tossa coast. It leaves from the Platja Gran.
Dicotren, con audioguía: el Tren Azul recorre el pueblo y el Tren Verde sube hasta el faro (de marzo a octubre).	Dicotren, amb audioguia: el Tren Blau recorre el poble i el Tren Verd puja fins al far (de març a octubre).	Dicotren, with audio guide: the Blue Train goes round the town and the Green Train climbs to the lighthouse (March to October).
Fotos: Dicotren (pendiente de su autorización).	Fotos: Dicotren (pendent de la seva autorització).	Photos: Dicotren (pending their permission).
Tossa, Paradis Blau	Tossa, Paradis Blau	Tossa, Paradis Blau
lun	dl.	Mon
mar	dt.	Tue
mié	dc.	Wed
jue	dj.	Thu
vie	dv.	Fri
sáb	ds.	Sat
dom	dg.	Sun
Restaurantes	Restaurants	Restaurants
Bares	Bars	Bars
Cocina mediterránea	Cuina mediterrània	Mediterranean
Cocina marinera	Cuina marinera	Seafood
Italiana y pizzería	Italiana i pizzeria	Italian and pizzeria
Cocina catalana	Cuina catalana	Catalan
Cocina tradicional tossense	Cuina tradicional tossenca	Traditional Tossa cooking
Cocina internacional	Cuina internacional	International
Platos combinados	Plats combinats	Set plates
Brasería	Brasseria	Grill house
Pastelería y cafetería	Pastisseria i cafeteria	Pastry shop and café
Kebab	Kebab	Kebab
Cocina de autor	Cuina d'autor	Chef's cuisine
Cocina gallega	Cuina gallega	Galician
Bolos	Bitlles	Bowling
Cocina china	Cuina xinesa	Chinese
Cocina india	Cuina índia	Indian
Sushi	Sushi	Sushi
Sin clasificar	Sense classificar	Unclassified
Hoteles	Hotels	Hotels
Abierto todo el año	Obert tot l'any	Open all year
Alquiler vacacional	Lloguer vacacional	Holiday rentals
Apartamentos	Apartaments	Apartments
Pensiones y albergues	Pensions i albergs	Guesthouses and hostels
Campings	Càmpings	Campsites
Moda	Moda	Fashion
Alimentación	Alimentació	Food shops
Otros comercios	Altres comerços	Other shops
Souvenirs	Records	Souvenirs
Bolsos y complementos	Bosses i complements	Bags and accessories
Artículos de playa y pesca	Articles de platja i pesca	Beach and fishing gear
Servicios de limpieza	Serveis de neteja	Cleaning services
Carnicería y charcutería	Carnisseria i xarcuteria	Butcher and charcuterie
Cerámica	Ceràmica	Ceramics
Ferretería	Ferreteria	Hardware store
Hogar y decoración	Llar i decoració	Home and decor
Óptica	Òptica	Optician
Peluquería y estética	Perruqueria i estètica	Hairdresser and beauty
Agencia de viajes	Agència de viatges	Travel agency
Electrodomésticos	Electrodomèstics	Appliances
Energía	Energia	Energy
Estanco	Estanc	Tobacconist
Floristería	Floristeria	Florist
Galería de arte	Galeria d'art	Art gallery
Growshop	Growshop	Growshop
Juguetes	Joguines	Toys
Perfumería	Perfumeria	Perfumery
Pescadería	Peixateria	Fishmonger
Productor local	Productor local	Local producer
Venta y alquiler de bicicletas	Venda i lloguer de bicicletes	Bike sales and rental
Con niños	Amb nens	With children
Excursiones	Excursions	Excursions
Parques infantiles	Parcs infantils	Playgrounds
Ocio nocturno	Oci nocturn	Nightlife
Actividades en el mar	Activitats al mar	Sea activities
Alquiler de boyas	Lloguer de boies	Buoy hire
Visitas guiadas	Visites guiades	Guided tours
Alquiler de bicicletas	Lloguer de bicicletes	Bike rental
Excursiones en barca	Excursions en barca	Boat trips
Cine	Cinema	Cinema
Esquí y bob	Esquí i bob	Ski and bob
Minigolf	Minigolf	Mini golf
Patines acuáticos	Patinets aquàtics	Pedalos
Piscina y pádel	Piscina i pàdel	Pool and padel
Skatepark	Skatepark	Skatepark
Snorkel	Snorkel	Snorkelling
Canoa y kayak	Canoa i caiac	Canoe and kayak
Gimnasio	Gimnàs	Gym
Paddle surf	Paddle surf	Paddle surf
BTT	BTT	Mountain biking
Pádel	Pàdel	Padel
Yoga	Ioga	Yoga
Baloncesto y voleibol	Bàsquet i voleibol	Basketball and volleyball
Fútbol y rugby	Futbol i rugbi	Football and rugby
Natación	Natació	Swimming
Pilates	Pilates	Pilates
Tenis	Tennis	Tennis
Transporte público	Transport públic	Public transport
Transporte local	Transport local	Local transport
Alquiler de coches	Lloguer de cotxes	Car hire
Aparcamientos	Aparcaments	Car parks
Transporte marítimo	Transport marítim	Sea transport
Imagen generada con IA (Google Gemini) (ilustrativa)	Imatge generada amb IA (Google Gemini) (il·lustrativa)	AI-generated image (Google Gemini) (illustrative)
Imagen generada con IA (Google Gemini)	Imatge generada amb IA (Google Gemini)	AI-generated image (Google Gemini)
Fotos ilustrativas:	Fotos il·lustratives:	Illustrative photos:
Llamar	Trucar	Call
Playa d’Es Codolar	Platja d'Es Codolar	Es Codolar beach
Playa de la Mar Menuda	Platja de la Mar Menuda	Mar Menuda beach
Playa Grande	Platja Gran	Platja Gran
Playas de Llorell	Platges de Llorell	Llorell beaches
Playa de Porto Pi	Platja de Porto Pi	Porto Pi beach
Playa de Vallpresona	Platja de Vallpresona	Vallpresona beach
Oficina de Turisme de Tossa de Mar	Oficina de Turisme de Tossa de Mar	Tossa de Mar Tourist Office
Oficina de Correos de Tossa de Mar	Oficina de Correus de Tossa de Mar	Tossa de Mar post office
Parada de taxis de Tossa de Mar	Parada de taxis de Tossa de Mar	Tossa de Mar taxi rank
Parada del carrilet turístico en la Platja Gran	Parada del carrilet turístic a la Platja Gran	Tourist carrilet stop at the Platja Gran
Estación de autobuses de Tossa de Mar	Estació d'autobusos de Tossa de Mar	Tossa de Mar bus station
Google Street View (abr. 2025)	Google Street View (abr. del 2025)	Google Street View (Apr 2025)
captura ilustrativa	captura il·lustrativa	illustrative screenshot
Gasolinera BP de Tossa de Mar	Gasolinera BP de Tossa de Mar	BP petrol station in Tossa de Mar
Gasolinera BP	Gasolinera BP	BP petrol station
Av. Puerto Rico 1. Abierta de 7:00 a 22:00 todos los días, según Google Maps; el horario puede cambiar.	Av. Puerto Rico 1. Oberta de 7:00 a 22:00 cada dia, segons Google Maps; l'horari pot canviar.	Av. Puerto Rico 1. Open 7:00–22:00 every day, according to Google Maps; hours may change.
Av. Puerto Rico 1. Abierta de 7:00 a 22:00, según Google Maps (06/10/2026). Ubicación aproximada.	Av. Puerto Rico 1. Oberta de 7:00 a 22:00, segons Google Maps (06/10/2026). Ubicació aproximada.	Av. Puerto Rico 1. Open 7:00–22:00, according to Google Maps (06/10/2026). Approximate location.
Google Street View (nov. 2022)	Google Street View (nov. del 2022)	Google Street View (Nov 2022)
Red	Xarxa	Network
Contraseña	Contrasenya	Password
Escanea el código QR de tu vivienda para ver aquí el nombre de la red y la contraseña del wifi.	Escaneja el codi QR del teu habitatge per veure aquí el nom de la xarxa i la contrasenya del wifi.	Scan the QR code in your accommodation to see the network name and the wifi password here.
Contactar con tu alojamiento	Contacta amb el teu allotjament	Contact your accommodation
Vivienda de ejemplo	Habitatge d'exemple	Example home
(nombre de la red)	(nom de la xarxa)	(network name)
(contraseña)	(contrasenya)	(password)
Para los ratos de sol, de lluvia o de sobremesa. Sudokus, parejas con fotos de Tossa, cuatro en raya, la oca, puzzle deslizante, una sopa de letras, un crucigrama y un autodefinido. Todos son silenciosos, pensados para jugar en la playa o en la habitación sin molestar a nadie.	Per als moments de sol, de pluja o de sobretaula. Sudokus, parelles amb fotos de Tossa, quatre en ratlla, l'oca, trencaclosques lliscant, una sopa de lletres, uns mots encreuats i un autodefinit. Tots són silenciosos, pensats per jugar a la platja o a l'habitació sense molestar ningú.	For sunny, rainy or after-lunch moments. Sudokus, matching pairs with photos of Tossa, connect four, the goose game, a sliding puzzle, a word search, a crossword and an arrow crossword. They are all silent, designed to play on the beach or in your room without disturbing anyone.
¿Quién juega?	Qui juga?	Who is playing?
Todos	Tots	Everyone
Peques	Petits	Little ones
hasta 8 años	fins a 8 anys	up to age 8
Familia	Família	Family
a partir de 8	a partir de 8	8 and over
Mayores	Grans	Adults
Sin palabras	Sense paraules	No words
Juegos sin palabras	Jocs sense paraules	Games without words
Desde 10 años	Des de 10 anys	From age 10
Parejas	Parelles	Matching pairs
Desde 4 años	Des de 4 anys	From age 4
Cuatro en raya	Quatre en ratlla	Connect four
Desde 6 años	Des de 6 anys	From age 6
La oca	L'oca	The goose game
Desde 5 años	Des de 5 anys	From age 5
Puzzle deslizante	Trencaclosques lliscant	Sliding puzzle
Con palabras (en español)	Amb paraules (en castellà)	With words (in Spanish)
Juegos con palabras	Jocs amb paraules	Games with words
Sopa de letras	Sopa de lletres	Word search
Desde 8 años	Des de 8 anys	From age 8
Crucigrama	Mots encreuats	Crossword
Para mayores	Per a adults	For adults
Autodefinido	Autodefinit	Arrow crossword
Completa la cuadrícula para que cada fila, columna y bloque de 3x3 lleve los números del 1 al 9 sin repetir.	Completa la graella perquè cada fila, columna i bloc de 3x3 tingui els números de l'1 al 9 sense repetir.	Fill the grid so that each row, column and 3x3 block contains the numbers 1 to 9 without repeating.
Dificultad	Dificultat	Difficulty
Fácil	Fàcil	Easy
Media	Mitjana	Medium
Difícil	Difícil	Hard
Nuevo sudoku	Nou sudoku	New sudoku
Comprobar	Comprovar	Check
Ver solución	Veure la solució	Show solution
Encuentra las palabras de la lista. Pueden estar en horizontal, vertical o diagonal, y también al revés. Pulsa la primera letra y después la última, o arrastra el dedo o el ratón de una a otra.	Troba les paraules de la llista. Poden estar en horitzontal, vertical o diagonal, i també del revés. Prem la primera lletra i després l'última, o arrossega el dit o el ratolí de l'una a l'altra.	Find the words on the list. They can run horizontally, vertically or diagonally, and also backwards. Tap the first letter and then the last, or drag your finger or mouse from one to the other.
Nueva sopa	Sopa nova	New puzzle
Ver palabras	Veure paraules	Show words
Escribe las respuestas sin tildes y sin espacios. Pulsa una casilla para elegirla; si vuelves a pulsarla cambia entre horizontal y vertical.	Escriu les respostes sense accents ni espais. Prem una casella per triar-la; si la tornes a prémer, canvia entre horitzontal i vertical.	Write the answers without accents or spaces. Tap a square to select it; tap it again to switch between across and down.
Empezar de nuevo	Començar de nou	Start again
Horizontales	Horitzontals	Across
Verticales	Verticals	Down
Las definiciones están dentro de la propia cuadrícula. La flecha indica hacia dónde se escribe la respuesta: hacia la derecha o hacia abajo, empezando en la casilla siguiente. Sin tildes ni espacios.	Les definicions són dins de la mateixa graella. La fletxa indica cap on s'escriu la resposta: cap a la dreta o cap avall, començant a la casella següent. Sense accents ni espais.	The clues are inside the grid itself. The arrow shows which way to write the answer: to the right or downwards, starting in the next square. No accents or spaces.
En el móvil puedes desplazar la cuadrícula hacia los lados.	Al mòbil pots desplaçar la graella cap als costats.	On your phone you can slide the grid sideways.
Da la vuelta a dos cartas cada vez y encuentra las fotos iguales. Gana quien las descubra todas con menos intentos. Sin sonido y sin prisas.	Gira dues cartes cada vegada i troba les fotos iguals. Guanya qui les descobreixi totes amb menys intents. Sense so i sense pressa.	Turn over two cards each time and find the matching photos. The winner is whoever uncovers them all with the fewest attempts. No sound, no rush.
Tamaño	Mida	Size
Pequeño (6 parejas)	Petita (6 parelles)	Small (6 pairs)
Medio (8 parejas)	Mitjana (8 parelles)	Medium (8 pairs)
Grande (10 parejas)	Gran (10 parelles)	Large (10 pairs)
Nueva partida	Partida nova	New game
Deja caer las fichas por las columnas. Gana quien junte cuatro en línea, en horizontal, vertical o diagonal. Puedes jugar contra el móvil o entre dos personas.	Deixa caure les fitxes per les columnes. Guanya qui n'ajunti quatre en línia, en horitzontal, vertical o diagonal. Pots jugar contra el mòbil o entre dues persones.	Drop the discs down the columns. The winner is the first to line up four, horizontally, vertically or diagonally. You can play against the phone or between two people.
Modo	Mode	Mode
Contra la máquina	Contra el mòbil	Against the phone
Dos jugadores	Dos jugadors	Two players
Nivel	Nivell	Level
Medio	Mitjà	Medium
Tira el dado y avanza por las 63 casillas hasta el Jardín de la Oca. Puedes jugar contra el móvil o pasarte el móvil entre dos, tres o cuatro personas. Para ganar hay que llegar justo a la casilla 63: si te pasas, rebotas hacia atrás.	Tira el dau i avança per les 63 caselles fins al Jardí de l'Oca. Pots jugar contra el mòbil o passar-te el mòbil entre dues, tres o quatre persones. Per guanyar cal arribar just a la casella 63: si te'n passes, rebotes cap enrere.	Roll the die and move along the 63 squares to the Goose Garden. You can play against the phone or pass the phone between two, three or four people. To win you must land exactly on square 63: if you overshoot, you bounce back.
Jugadores	Jugadors	Players
Contra el móvil	Contra el mòbil	Against the phone
Entre personas	Entre persones	Between people
Tablero	Tauler	Board
Pintores de Tossa	Pintors de Tossa	Tossa painters
Espiral sencillo	Espiral senzill	Simple spiral
Resultado del dado	Resultat del dau	Die result
Tirar el dado	Tira el dau	Roll the die
Tablero de la oca	Tauler de l'oca	Goose game board
Últimas jugadas	Últimes jugades	Latest moves
Casillas especiales	Caselles especials	Special squares
De oca en oca: saltas a la siguiente oca y vuelves a tirar (casillas 5, 9, 14, 18, 23, 27, 32, 36, 41, 45, 50, 54 y 59).	D'oca en oca: saltes a la següent oca i tornes a tirar (caselles 5, 9, 14, 18, 23, 27, 32, 36, 41, 45, 50, 54 i 59).	Goose to goose: you jump to the next goose and roll again (squares 5, 9, 14, 18, 23, 27, 32, 36, 41, 45, 50, 54 and 59).
Puentes (6 y 12): pasas de uno al otro y vuelves a tirar.	Ponts (6 i 12): passes de l'un a l'altre i tornes a tirar.	Bridges (6 and 12): you go from one to the other and roll again.
Dados (26 y 53): pasas de uno al otro y vuelves a tirar.	Daus (26 i 53): passes de l'un a l'altre i tornes a tirar.	Dice (26 and 53): you go from one to the other and roll again.
Posada (19): pierdes un turno.	Fonda (19): perds un torn.	Inn (19): you miss a turn.
Pozo (31): pierdes dos turnos.	Pou (31): perds dos torns.	Well (31): you miss two turns.
Laberinto (42): retrocedes a la casilla 30.	Laberint (42): retrocedeixes a la casella 30.	Maze (42): you go back to square 30.
Cárcel (52): pierdes dos turnos.	Presó (52): perds dos torns.	Prison (52): you miss two turns.
Calavera (58): vuelves a la salida.	Calavera (58): tornes a la sortida.	Skull (58): you go back to the start.
Jardín de la Oca (63): ¡has ganado!	Jardí de l'Oca (63): has guanyat!	Goose Garden (63): you have won!
Pulsa una pieza junto al hueco para deslizarla. Ordena todas las piezas hasta recomponer la foto.	Prem una peça al costat del buit per lliscar-la. Ordena totes les peces fins a recompondre la foto.	Tap a piece next to the gap to slide it. Put all the pieces in order to rebuild the photo.
Foto	Foto	Photo
Fácil (3x3)	Fàcil (3x3)	Easy (3x3)
Media (4x4)	Mitjana (4x4)	Medium (4x4)
Difícil (5x5)	Difícil (5x5)	Hard (5x5)
Barajar de nuevo	Barrejar de nou	Shuffle again
Mostrar números	Mostrar números	Show numbers
Foto de referencia	Foto de referència	Reference photo
Foto completa	Foto completa	Full photo
Preparando el sudoku…	Preparant el sudoku…	Preparing the sudoku…
Completado. Sudoku resuelto.	Completat. Sudoku resolt.	Done. Sudoku solved.
Solución mostrada.	Solució mostrada.	Solution shown.
Has encontrado todas las palabras.	Has trobat totes les paraules.	You have found all the words.
Esa selección no coincide con ninguna palabra de la lista.	Aquesta selecció no coincideix amb cap paraula de la llista.	That selection does not match any word on the list.
Palabras marcadas en amarillo.	Paraules marcades en groc.	Words marked in yellow.
Completado. Todas las respuestas son correctas.	Completat. Totes les respostes són correctes.	Done. All the answers are correct.
Carta boca abajo	Carta cap per avall	Card face down
Pensando…	Pensant…	Thinking…
Tu turno. Fichas amarillas.	El teu torn. Fitxes grogues.	Your turn. Yellow discs.
Turno del jugador 1 (fichas amarillas).	Torn del jugador 1 (fitxes grogues).	Player 1's turn (yellow discs).
Turno del jugador 2 (fichas rojas con aro).	Torn del jugador 2 (fitxes vermelles amb anell).	Player 2's turn (red discs with a ring).
Has ganado.	Has guanyat.	You have won.
Gana el móvil. Prueba otra vez.	Guanya el mòbil. Torna-ho a provar.	The phone wins. Try again.
Empate.	Empat.	A draw.
El trenecito en la Platja Gran	El carrilet a la Platja Gran	The tourist train on the Platja Gran
Vila Vella de noche	Vila Vella de nit	Vila Vella at night
Cala al amanecer	Cala a l'alba	Cove at dawn
Roca y pino	Roca i pi	Rock and pine
Sardanas	Sardanes	Sardanas
Gambas	Gambes	Prawns
OCA	OCA	GOOSE
PTE	PONT	BRG
DADO	DAU	DIE
POS	FON	INN
POZO	POU	WELL
LAB	LAB	MAZE
CÁR	PRE	JAIL
JARDÍN	JARDÍ	GARDEN
X	X	X
Cerca de los apartamentos de Lets Holidays, busca la red «Lets Holidays» en tu móvil para conectarte gratis durante tu estancia.	A prop dels apartaments de Lets Holidays, cerca la xarxa «Lets Holidays» al mòbil per connectar-te gratis durant l'estada.	Near the Lets Holidays apartments, look for the «Lets Holidays» network on your phone to connect for free during your stay.
